Date,Benchmark
2015-01-05,-0.00996621420643
2015-01-06,-0.00458090497591
2015-01-07,0.00730610613526
2015-01-08,0.00994200732475
2015-01-09,-0.00383125211269
2015-01-12,-0.00435245622712
2015-01-13,-0.0015648696235
2015-01-14,-0.00260430488439
2015-01-15,-0.00356147624555
2015-01-16,0.00614720470196
2015-01-20,0.00195831293546
2015-01-21,0.00226661658143
2015-01-22,0.0086294363014
2015-01-23,-0.00227337350426
2015-01-26,0.00121668670214
2015-01-27,-0.00809607821615
2015-01-28,-0.00591286631996
2015-01-29,0.00512641268666
2015-01-30,-0.00599660309773
2015-02-02,0.00726716877199
2015-02-03,0.00714362589514
2015-02-04,-0.00169959946916
2015-02-05,0.00527255545632
2015-02-06,-0.00396839417779
2015-02-09,-0.00278600594805
2015-02-10,0.00602603682279
2015-02-11,0.000176794185181
2015-02-12,0.00592428556612
2015-02-13,0.00205919515061
2015-02-17,-0.000612979653822
2015-02-18,0.00114440694652
2015-02-19,-0.0007523524837
2015-02-20,0.00374798260598
2015-02-23,0.00061052341028
2015-02-24,0.00345188896131
2015-02-25,-0.000242804382937
2015-02-26,-0.00211464295038
2015-02-27,-0.00111511691151
2015-03-02,0.00188078741264
2015-03-03,-0.00296957812001
2015-03-04,-0.00230870575815
2015-03-05,0.000836516422923
2015-03-06,-0.0110341897184
2015-03-09,0.0035022118191
2015-03-10,-0.00872909929253
2015-03-11,-0.000574170400096
2015-03-12,0.00785113362673
2015-03-13,-0.00441411970152
2015-03-16,0.00880924113776
2015-03-17,-0.00184400790663
2015-03-18,0.01012030359
2015-03-19,-0.00413337045029
2015-03-20,0.00649850674005
2015-03-23,-0.00109169008084
2015-03-24,-0.00226767407596
2015-03-25,-0.00947924005672
2015-03-26,-0.00287472493854
2015-03-27,0.00194326236966
2015-03-30,0.00740911669434
2015-03-31,-0.00450944077925
2015-04-01,-0.000781676174175
2015-04-02,0.00162089976081
2015-04-06,0.00429834588287
2015-04-07,-0.00152333431452
2015-04-08,0.0020684425208
2015-04-09,0.0016690160765
2015-04-10,0.00329833456323
2015-04-13,-0.00231442089631
2015-04-14,0.00158237134839
2015-04-15,0.00324477898977
2015-04-16,-0.000384658299005
2015-04-17,-0.00664592174388
2015-04-20,0.00521946030047
2015-04-21,-0.00114515514203
2015-04-22,0.00180142490983
2015-04-23,0.00212810390166
2015-04-24,0.00207929559924
2015-04-27,-0.00238266329394
2015-04-28,0.000406590004322
2015-04-29,-0.00338283799878
2015-04-30,-0.0060838469696
2015-05-01,0.00542663356671
2015-05-04,0.000947145017235
2015-05-05,-0.00724593641522
2015-05-06,-0.00381440393035
2015-05-07,0.0033761554646
2015-05-08,0.00919759825586
2015-05-11,-0.00540097984148
2015-05-12,-0.00183541677553
2015-05-13,7.79024504645e-05
2015-05-14,0.00688491949423
2015-05-15,0.00231791750408
2015-05-18,0.000354996393044
2015-05-19,-0.00156941114003
2015-05-20,0.000188482026255
2015-05-21,0.00298790778899
2015-05-22,-0.00187512493872
2015-05-26,-0.00551690351469
2015-05-27,0.00609994458289
2015-05-28,-0.000824497146879
2015-05-29,-0.00359838685499
2015-06-01,0.000118241332171
2015-06-02,-0.00216368051203
2015-06-03,1.93559678119e-05
2015-06-04,-0.00424645076363
2015-06-05,-0.00278948486431
2015-06-08,-0.00310326543176
2015-06-09,-0.0012310494845
2015-06-10,0.00618845654179
2015-06-11,0.00407397197837
2015-06-12,-0.00508502037046
2015-06-15,-0.0020957725339
2015-06-16,0.00393069943868
2015-06-17,0.00100696725817
2015-06-18,0.00613543678521
2015-06-19,-0.00143789941445
2015-06-22,0.00110897850206
2015-06-23,-0.000484345759384
2015-06-24,-0.00376941120752
2015-06-25,-0.00227066254292
2015-06-26,-0.00106921214878
2015-06-29,-0.0102798176885
2015-06-30,0.00098734056353
2015-07-01,0.00376197700509
2015-07-02,5.09831934248e-06
2015-07-06,-0.00026558654425
2015-07-07,0.00431415943099
2015-07-08,-0.00909433653956
2015-07-09,-0.000409857800171
2015-07-10,0.00579284535553
2015-07-13,0.00602906578959
2015-07-14,0.00327554580788
2015-07-15,0.000860651928271
2015-07-16,0.00516523208435
2015-07-17,0.000548667888294
2015-07-20,-0.000377334103528
2015-07-21,-0.00173665500846
2015-07-22,-0.000901258016854
2015-07-23,-0.0022662448826
2015-07-24,-0.00630903611312
2015-07-27,-0.00296828420114
2015-07-28,0.0069280303957
2015-07-29,0.00379908261961
2015-07-30,0.000179027441131
2015-07-31,0.000655210217477
2015-08-03,-0.00161387932326
2015-08-04,-0.00234280971386
2015-08-05,0.00124509178016
2015-08-06,-0.00444840903838
2015-08-07,-0.000452332179067
2015-08-10,0.00702349786799
2015-08-11,-0.00411366118962
2015-08-12,0.000460397204961
2015-08-13,-0.00158877791311
2015-08-14,0.00199936727031
2015-08-17,0.00405030581178
2015-08-18,-0.0024717225915
2015-08-19,-0.00350663921605
2015-08-20,-0.0118693077881
2015-08-21,-0.0171402265951
2015-08-24,-0.0247860663224
2015-08-25,-0.00776973020139
2015-08-26,0.0199813954171
2015-08-27,0.0149865586601
2015-08-28,-0.000347925112828
2015-08-31,-0.00505637889489
2015-09-01,-0.0163086950841
2015-09-02,0.010875172196
2015-09-03,0.00101400738627
2015-09-04,-0.00831823091382
2015-09-08,0.0141402658521
2015-09-09,-0.00797233735645
2015-09-10,0.00284887214031
2015-09-11,0.00322145655369
2015-09-14,-0.00214031535405
2015-09-15,0.00578926253988
2015-09-16,0.00495508721199
2015-09-17,0.00106087301255
2015-09-18,-0.00963543797405
2015-09-21,0.00207987814089
2015-09-22,-0.00694239396735
2015-09-23,-0.00129151481996
2015-09-24,-0.00167183393274
2015-09-25,-0.000847979584683
2015-09-28,-0.0141709850042
2015-09-29,0.000976743415045
2015-09-30,0.011258897052
2015-10-01,0.0018756811123
2015-10-02,0.010168593423
2015-10-05,0.00924370544645
2015-10-06,-0.00111465606769
2015-10-07,0.0046804169062
2015-10-08,0.00495838914087
2015-10-09,4.47666258325e-05
2015-10-12,0.00157223616927
2015-10-13,-0.00381568116268
2015-10-14,-0.0014618784876
2015-10-15,0.00879287696262
2015-10-16,0.00239104025142
2015-10-19,0.000689359849731
2015-10-20,-0.00155872674804
2015-10-21,-0.00288331173954
2015-10-22,0.0103890050579
2015-10-23,0.00607268678079
2015-10-26,-0.00134398825768
2015-10-27,-0.000634450325167
2015-10-28,0.00585751676145
2015-10-29,-0.00198652262901
2015-10-30,-0.00166580413573
2015-11-02,0.00654894930586
2015-11-03,0.00100560051852
2015-11-04,-0.0018232885137
2015-11-05,-0.000782791989199
2015-11-06,-0.00222529783718
2015-11-09,-0.0058686646839
2015-11-10,0.00212311442501
2015-11-11,-0.00287420810471
2015-11-12,-0.00798645825257
2015-11-13,-0.00589696888933
2015-11-16,0.00933912302626
2015-11-17,-0.000136169593296
2015-11-18,0.00914155060077
2015-11-19,-0.000331552776962
2015-11-20,0.00192288683013
2015-11-23,-0.000577079250013
2015-11-24,0.00117137261126
2015-11-25,9.83525020084e-05
2015-11-27,0.000576809020154
2015-11-30,-0.00234186287973
2015-12-01,0.00711385728744
2015-12-02,-0.00660105207204
2015-12-03,-0.0113310299319
2015-12-04,0.0129373488518
2015-12-07,-0.00304414138049
2015-12-08,-0.00387182436802
2015-12-09,-0.00464081636787
2015-12-10,0.00146022682004
2015-12-11,-0.0105307553363
2015-12-14,0.00105727091317
2015-12-15,0.00625637922679
2015-12-16,0.0079920544656
2015-12-17,-0.00856688994766
2015-12-18,-0.00973344875113
2015-12-21,0.00448767204278
2015-12-22,0.00507143331671
2015-12-23,0.00728637567854
2015-12-24,-0.000792244170956
2015-12-28,-0.00136408044616
2015-12-29,0.00535619600393
2015-12-30,-0.00432392451761
2015-12-31,-0.00489866094508
2016-01-04,-0.00847360492912
2016-01-05,0.0011999564132
2016-01-06,-0.00605525163552
2016-01-07,-0.0143441300441
2016-01-08,-0.00557459177664
2016-01-11,-0.000596635603074
2016-01-12,0.00565829385283
2016-01-13,-0.0137607679393
2016-01-14,0.00941662184001
2016-01-15,-0.0121068870774
2016-01-19,0.000351088847904
2016-01-20,-0.00711272985957
2016-01-21,0.00266172345956
2016-01-22,0.012214956888
2016-01-25,-0.00907414788114
2016-01-26,0.00847254964959
2016-01-27,-0.00628497584348
2016-01-28,0.00337605456493
2016-01-29,0.0154335094346
2016-02-01,-0.000722709464255
2016-02-02,-0.00960209184053
2016-02-03,0.00352920023737
2016-02-04,0.00134176391164
2016-02-05,-0.0117324299377
2016-02-08,-0.00640265719692
2016-02-09,-5.73891784883e-06
2016-02-10,0.000506829946096
2016-02-11,-0.00737418841969
2016-02-12,0.0109008859167
2016-02-16,0.00893794122887
2016-02-17,0.00948041864129
2016-02-18,-0.00123770491279
2016-02-19,-0.000205813003964
2016-02-22,0.00874265969258
2016-02-23,-0.0074994466617
2016-02-24,0.00287659636861
2016-02-25,0.00826214951505
2016-02-26,-0.00210696576121
2016-02-29,-0.00422971092604
2016-03-01,0.0128359243127
2016-03-02,0.0022571800735
2016-03-03,0.00283068599835
2016-03-04,0.00134076377036
2016-03-07,0.000372786744815
2016-03-08,-0.00560864681722
2016-03-09,0.00278224902954
2016-03-10,0.000664563497557
2016-03-11,0.00898043047892
2016-03-14,-0.000560438501831
2016-03-15,-0.00134755353443
2016-03-16,0.00519932015327
2016-03-17,0.00466745201854
2016-03-18,0.00270497651005
2016-03-21,6.52110536947e-06
2016-03-22,-0.000576417559002
2016-03-23,-0.00315756372678
2016-03-24,-0.000232663540861
2016-03-28,0.000644183921923
2016-03-29,0.00678503452635
2016-03-30,0.00252330450201
2016-03-31,-0.000236997453299
2016-04-01,0.00377934080432
2016-04-04,-0.00154447400779
2016-04-05,-0.00543889984917
2016-04-06,0.00643855866479
2016-04-07,-0.00629707572687
2016-04-08,0.00120497938916
2016-04-11,-0.00110849522242
2016-04-12,0.00489099196638
2016-04-13,0.00622440200366
2016-04-14,-0.000656027261871
2016-04-15,0.000453495954893
2016-04-18,0.00418027694486
2016-04-19,0.00186205522465
2016-04-20,-0.000393235907905
2016-04-21,-0.00378267055658
2016-04-22,3.5873305219e-05
2016-04-25,-0.00146929978228
2016-04-26,0.000714527604602
2016-04-27,0.0024289482876
2016-04-28,-0.00467729765125
2016-04-29,-0.00327416315718
2016-05-02,0.00448405652198
2016-05-03,-0.00449840470553
2016-05-04,-0.00315114041711
2016-05-05,0.000903978756783
2016-05-06,0.00155969713646
2016-05-09,0.000747292400621
2016-05-10,0.00760025926391
2016-05-11,-0.00560824765962
2016-05-12,-0.000189101345557
2016-05-13,-0.00444573444673
2016-05-16,0.0051778356381
2016-05-17,-0.00612272766491
2016-05-18,-0.00150262070968
2016-05-19,-0.00181298817448
2016-05-20,0.00402087561409
2016-05-23,-0.000886602421824
2016-05-24,0.00751915680262
2016-05-25,0.00414413982624
2016-05-26,0.000785076050893
2016-05-27,0.00251409994586
2016-05-31,-0.00089511013686
2016-06-01,0.00100764383767
2016-06-02,0.00284056179503
2016-06-03,0.000374573273235
2016-06-06,0.00250202681171
2016-06-07,0.00129630320097
2016-06-08,0.00209912355688
2016-06-09,-0.000532711139473
2016-06-10,-0.00514766750113
2016-06-13,-0.00428219953919
2016-06-14,-0.0013523480356
2016-06-15,4.19172578499e-05
2016-06-16,0.00202716124261
2016-06-17,-0.00250428764014
2016-06-20,0.00269905328099
2016-06-21,0.00140247299211
2016-06-22,-0.0007203372553
2016-06-23,0.00707932723553
2016-06-24,-0.0193885566419
2016-06-27,-0.00891509639884
2016-06-28,0.0110604164206
2016-06-29,0.00972914617972
2016-06-30,0.00892282083322
2016-07-01,0.00211749567918
2016-07-05,-0.00325097528447
2016-07-06,0.00433251887081
2016-07-07,-0.000654946252223
2016-07-08,0.0095173658932
2016-07-11,0.00106784440287
2016-07-12,0.00318760204075
2016-07-13,0.000475942518721
2016-07-14,0.00303003251046
2016-07-15,-0.0022445625409
2016-07-18,0.00170238627751
2016-07-19,0.00018459082982
2016-07-20,0.00217938431862
2016-07-21,-0.00195038561764
2016-07-22,0.00279431368844
2016-07-25,-0.00210494130527
2016-07-26,0.000280894320354
2016-07-27,0.000505134936946
2016-07-28,0.000666017884006
2016-07-29,0.00202533366649
2016-08-01,-0.00142664196261
2016-08-02,-0.005017074041
2016-08-03,0.00217962267105
2016-08-04,0.00138662529515
2016-08-05,0.0035497872041
2016-08-08,-0.000110202380501
2016-08-09,0.00138710381079
2016-08-10,-0.00102765917909
2016-08-11,0.00172303327581
2016-08-12,0.000432420935444
2016-08-15,0.0010268142629
2016-08-16,-0.00335531682029
2016-08-17,0.00187617716754
2016-08-18,0.00191628560481
2016-08-19,-0.00176331016969
2016-08-22,0.000574182699935
2016-08-23,0.00131717136013
2016-08-24,-0.00322009252822
2016-08-25,-0.00083893680249
2016-08-26,-0.00177017040841
2016-08-29,0.00406025193541
2016-08-30,-0.00120400000949
2016-08-31,-0.00178017644528
2016-09-01,0.000376096103039
2016-09-02,0.00217113003519
2016-09-06,0.00266926977013
2016-09-07,0.000157496563741
2016-09-08,-0.00275337165682
2016-09-09,-0.0161417066424
2016-09-12,0.00888968092988
2016-09-13,-0.00973664218951
2016-09-14,0.000281564036153
2016-09-15,0.00621817468963
2016-09-16,-0.00202910572707
2016-09-19,-0.000211338273119
2016-09-20,0.000171490296481
2016-09-21,0.00773490032077
2016-09-22,0.00460373140183
2016-09-23,-0.00340180461206
2016-09-26,-0.00436360330405
2016-09-27,0.00421243503851
2016-09-28,0.00308064675131
2016-09-29,-0.00543019453556
2016-09-30,0.00408398491854
2016-10-03,-0.00189545054596
2016-10-04,-0.00441443583497
2016-10-05,0.00211538631505
2016-10-06,0.000417951257778
2016-10-07,-0.00198995529043
2016-10-10,0.0029475141486
2016-10-11,-0.00820577150828
2016-10-12,0.000930066416618
2016-10-13,-0.0013869636307
2016-10-14,-0.000375677885355
2016-10-17,-0.00139337379722
2016-10-18,0.00439008807145
2016-10-19,0.00181207373553
2016-10-20,-0.00126169356457
2016-10-21,0.000531250863662
2016-10-24,0.00193495884916
2016-10-25,-0.00201007091963
2016-10-26,-0.00199266621759
2016-10-27,-0.0026049435168
2016-10-28,-0.00177058575001
2016-10-31,0.000533762114733
2016-11-01,-0.00455353712682
2016-11-02,-0.00314285647855
2016-11-03,-0.00328037109754
2016-11-04,0.000175611380581
2016-11-07,0.0126907946982
2016-11-08,0.00206810679904
2016-11-09,0.00272098025666
2016-11-10,-8.4681810021e-05
2016-11-11,-0.00211888667771
2016-11-14,-0.00109166184794
2016-11-15,0.00505381554114
2016-11-16,-0.000297513010879
2016-11-17,0.00168622092959
2016-11-18,-0.00261668132814
2016-11-21,0.00495803226003
2016-11-22,0.00155690170979
2016-11-23,-0.0010092269443
2016-11-25,0.00225655577498
2016-11-28,-0.00155767338297
2016-11-29,0.00162592521131
2016-11-30,-0.00299745044549
2016-12-01,-0.00354604922198
2016-12-02,0.00156368443725
2016-12-05,0.00393523825812
2016-12-06,0.00182828488889
2016-12-07,0.00889949710579
2016-12-08,0.000747656834967
2016-12-09,0.00244870467893
2016-12-12,-0.00106077413221
2016-12-13,0.00456167205544
2016-12-14,-0.00716340803852
2016-12-15,0.00202649551094
2016-12-16,-0.00093556754116
2016-12-19,0.0023476123065
2016-12-20,0.00198151855623
2016-12-21,-0.000859138828676
2016-12-22,-0.00105374439956
2016-12-23,0.000999206722247
2016-12-27,0.00121666683002
2016-12-28,-0.00441168579469
2016-12-29,0.0010728191335
2016-12-30,-0.00140915228852
2017-01-03,0.00501940476923
2017-01-04,0.00368068847715
2017-01-05,0.00118017048625
2017-01-06,0.000822645703745
2017-01-09,-0.00132489751552
2017-01-10,-0.000110354353639
2017-01-11,0.00217626918404
2017-01-12,-0.00136176113926
2017-01-13,0.000679230562775
2017-01-17,-0.000758532828517
2017-01-18,-0.00040411528547
2017-01-19,-0.00325792180001
2017-01-20,0.0023557682777
2017-01-23,-0.000460840157919
2017-01-24,0.00322371027315
2017-01-25,0.00414906200862
2017-01-26,-0.000377013667785
2017-01-27,-0.000619437885351
2017-01-30,-0.00393006634302
2017-01-31,0.00090319558299
2017-02-01,-0.000323736582916
2017-02-02,0.000617440539901
2017-02-03,0.00424699399826
2017-02-06,6.81058230065e-05
2017-02-07,0.000431998498531
2017-02-08,0.00192938858823
2017-02-09,0.00260236133171
2017-02-10,0.00230163064465
2017-02-13,0.00269527542857
2017-02-14,0.00153886513393
2017-02-15,0.00254361556862
2017-02-16,0.000319187961174
2017-02-17,0.00182906122214
2017-02-21,0.00357707893372
2017-02-22,-0.000286818050021
2017-02-23,0.00106260997804
2017-02-24,0.00221652506388
2017-02-27,0.000227353411058
2017-02-28,-0.00174860049396
2017-03-01,0.00664309913808
2017-03-02,-0.00451941645682
2017-03-03,0.000674796978983
2017-03-06,-0.00196918677918
2017-03-07,-0.00230853371624
2017-03-08,-0.00208030403257
2017-03-09,-0.000476289136504
2017-03-10,0.00269832425162
2017-03-13,-0.000369057567359
2017-03-14,-0.00214702344304
2017-03-15,0.00750390538601
2017-03-16,-0.00162568520758
2017-03-17,-0.000196961111394
2017-03-20,-6.18584985155e-05
2017-03-21,-0.00685899301457
2017-03-22,0.00196080683351
2017-03-23,-0.000522447445998
2017-03-24,-0.000768306376231
2017-03-27,0.000363483573987
2017-03-28,0.00338295760706
2017-03-29,0.00145191816568
2017-03-30,0.00115147548866
2017-03-31,-0.00109138024051
2017-04-03,0.000458411585642
2017-04-04,1.44473178154e-05
2017-04-05,-0.00134298415039
2017-04-06,0.00164802143266
2017-04-07,-0.0014947544854
2017-04-10,0.000873162887493
2017-04-11,0.000427340811748
2017-04-12,-0.00174243888468
2017-04-13,-0.0033657415422
2017-04-17,0.00505659422348
2017-04-18,-0.000164997227991
2017-04-19,-0.0017221199243
2017-04-20,0.00422596586727
2017-04-21,-0.00179752720337
2017-04-24,0.00598591744384
2017-04-25,0.00217891800519
2017-04-26,0.000131702626614
2017-04-27,0.000870312313996
2017-04-28,-0.000620517955626
2017-05-01,0.000486015548252
2017-05-02,0.000778132221884
2017-05-03,-0.00113300166668
2017-05-04,0.000373048875969
2017-05-05,0.00243673500153
2017-05-08,-0.000871259528728
2017-05-09,-0.000515180656813
2017-05-10,0.00118995601454
2017-05-11,-0.00126563580162
2017-05-12,0.000465516071612
2017-05-15,0.00316657815238
2017-05-16,-3.80458923236e-05
2017-05-17,-0.00860926229336
2017-05-18,0.00217604756053
2017-05-19,0.00387877591737
2017-05-22,0.00277903623613
2017-05-23,0.00055696217694
2017-05-24,0.00209566539311
2017-05-25,0.00305194921792
2017-05-26,-0.00026976640746
2017-05-30,0.000242076506046
2017-05-31,0.000251437715389
2017-06-01,0.00459020530374
2017-06-02,0.00331226885593
2017-06-05,-0.0010614260373
2017-06-06,-0.00111665278019
2017-06-07,0.000633726913483
2017-06-08,-0.000106015575629
2017-06-09,-0.00123874187725
2017-06-12,-0.000123261649248
2017-06-13,0.00304271778942
2017-06-14,0.000512477300501
2017-06-15,-0.00140874981331
2017-06-16,0.000385699453391
2017-06-19,0.00444412103496
2017-06-20,-0.00344153563409
2017-06-21,-7.55220450271e-05
2017-06-22,-8.92969472358e-05
2017-06-23,0.00078839259924
2017-06-26,0.00075853252582
2017-06-27,-0.006030254458
2017-06-28,0.0055023385281
2017-06-29,-0.00604112202249
2017-06-30,0.000604172214866
2017-07-03,0.000301954405482
2017-07-05,0.00160723521781
2017-07-06,-0.00625938296318
2017-07-07,0.00373508428977
2017-07-10,0.000828221367263
2017-07-11,-7.90283621055e-05
2017-07-12,0.00571926882349
2017-07-13,0.000572787444811
2017-07-14,0.00320762166901
2017-07-17,0.000108033515856
2017-07-18,0.00122695973867
2017-07-19,0.00336875448796
2017-07-20,0.000377325420933
2017-07-21,0.000149445654026
2017-07-24,-0.000507960687858
2017-07-25,5.59156614546e-05
2017-07-26,0.000783455272491
2017-07-27,-0.00113948226842
2017-07-28,8.69637988046e-05
2017-07-31,-0.000523004522295
2017-08-01,0.00242942101839
2017-08-02,-2.58850257007e-07
2017-08-03,-0.000362583673792
2017-08-04,0.000435710481749
2017-08-07,0.00107931584355
2017-08-08,-0.00184212253107
2017-08-09,0.000340362216316
2017-08-10,-0.00806860083465
2017-08-11,0.00121163656624
2017-08-14,0.00572993878287
2017-08-15,-0.000657072783338
2017-08-16,0.00177626296927
2017-08-17,-0.00876016328491
2017-08-18,-0.00118826773616
2017-08-21,0.000760370000563
2017-08-22,0.00585369568276
2017-08-23,-0.00122799212469
2017-08-24,-0.00190277108437
2017-08-25,0.00168615056564
2017-08-28,0.000170787472985
2017-08-29,0.00126910247519
2017-08-30,0.00275180300362
2017-08-31,0.00414149530155
2017-09-01,-6.44518111224e-05
2017-09-05,-0.00267231343886
2017-09-06,0.00160126577186
2017-09-07,0.000910522064801
2017-09-08,-0.00117515715089
2017-09-11,0.00528287019732
2017-09-12,0.00144589286355
2017-09-13,-0.000109034557374
2017-09-14,2.44959792113e-05
2017-09-15,0.00073844400558
2017-09-18,0.0011008963154
2017-09-19,0.000387070403924
2017-09-20,-0.000107350731409
2017-09-21,-0.00169050690726
2017-09-22,0.000410460627276
2017-09-25,-0.00029332396638
2017-09-26,0.000218155485904
2017-09-27,0.00118886736155
2017-09-28,0.000760596582903
2017-09-29,0.00179893638136
2017-10-02,0.00286213007264
2017-10-03,0.0016129570502
2017-10-04,0.000602920500253
2017-10-05,0.00337648173173
2017-10-06,-0.00126763096327
2017-10-09,-0.00044815487303
2017-10-10,0.00162358055232
2017-10-11,0.00101855231763
2017-10-12,-0.000425999668433
2017-10-13,0.00171414054909
2017-10-16,0.000403028980877
2017-10-17,0.000279650319471
2017-10-18,-2.67328155448e-05
2017-10-19,0.000454841124603
2017-10-20,0.00195177133122
2017-10-23,-0.00191842389803
2017-10-24,0.000227459559388
2017-10-25,-0.00324608083303
2017-10-26,0.000344081350136
2017-10-27,0.00581092514843
2017-10-30,-0.00117226163376
2017-10-31,0.000687741538436
2017-11-01,0.000968515973281
2017-11-02,0.000452365717785
2017-11-03,0.00236921758794
2017-11-06,0.00129433240705
2017-11-07,-0.000308600377692
2017-11-08,0.000766192964073
2017-11-09,-0.00247168644202
2017-11-10,-0.00179308822771
2017-11-13,0.000558955423196
2017-11-14,-0.000994393960317
2017-11-15,-0.00223789576436
2017-11-16,0.00465177760531
2017-11-17,-0.00132893507649
2017-11-20,0.000805170626339
2017-11-21,0.00433304297137
2017-11-22,0.000158499846064
2017-11-24,0.0013165880573
2017-11-27,-0.000300649992752
2017-11-28,0.00610750577666
2017-11-29,-0.00134293229052
2017-11-30,0.0046445248836
2017-12-01,-0.000144975589491
2017-12-04,-0.000762502796971
2017-12-05,-0.00175363674752
2017-12-06,0.000517804608571
2017-12-07,0.00137277529934
2017-12-08,0.00312240466074
2017-12-11,0.00166437949298
2017-12-12,0.000879489556749
2017-12-13,0.00106250102734
2017-12-14,-0.00234868832711
2017-12-15,0.0051099012311
2017-12-18,0.00331103415979
2017-12-19,-0.00347832065896
2017-12-20,-0.00122488660072
2017-12-21,0.00159428079085
2017-12-22,2.34375744719e-05
2017-12-26,-0.000396185672499
2017-12-27,0.00152938484142
2017-12-28,0.000951408605834
2017-12-29,-0.00187923106103
2018-01-02,0.00372941576283
2018-01-03,0.00383173372642
2018-01-04,0.00227979567581
2018-01-05,0.00376102284979
2018-01-08,0.000996763972061
2018-01-09,0.000281402871139
2018-01-10,-0.000927394756419
2018-01-11,0.00460107652874
2018-01-12,0.00388693863624
2018-01-16,-0.00197346805823
2018-01-17,0.00536363773465
2018-01-18,-0.00188659888389
2018-01-19,0.0019523993885
2018-01-22,0.00483546444664
2018-01-23,0.00223111211118
2018-01-24,-0.000629983696973
2018-01-25,0.0012573667269
2018-01-26,0.00639593172453
2018-01-29,-0.00476229104726
2018-01-30,-0.00692077862651
2018-01-31,0.000626704941815
2018-02-01,-0.00192151682902
2018-02-02,-0.0142520895567
2018-02-05,-0.0232794722748
2018-02-06,0.0103108082649
2018-02-07,-0.00411633751746
2018-02-08,-0.0227755338248
2018-02-09,0.00816097343605
2018-02-12,0.00869030613789
2018-02-13,0.00157676996757
2018-02-14,0.00654480398066
2018-02-15,0.00805108558482
2018-02-16,0.000972823208285
2018-02-20,-0.00413889005897
2018-02-21,-0.00424667370825
2018-02-22,0.000806558150867
2018-02-23,0.0104830506634
2018-02-26,0.00722464762863
2018-02-27,-0.00834011767431
2018-02-28,-0.00493930120191
2018-03-01,-0.00827082792959
2018-03-02,0.00245509335403
2018-03-05,0.00672899450653
2018-03-06,0.00160679878197
2018-03-07,-0.000296125542579
2018-03-08,0.00355907877054
2018-03-09,0.00980236538772
2018-03-12,-0.000546322049463
2018-03-13,-0.00342846804275
2018-03-14,-0.00245823714009
2018-03-15,-0.000624352883641
2018-03-16,0.000436186506738
2018-03-19,-0.00861241090158
2018-03-20,0.000394113532233
2018-03-21,-0.00119686890005
2018-03-22,-0.0143510523246
2018-03-23,-0.0127326303494
2018-03-26,0.0160483532854
2018-03-27,-0.00901891357001
2018-03-28,-0.00152699176469
2018-03-29,0.00875792525636
2018-04-02,-0.0132665704234
2018-04-03,0.00724121780921
2018-04-04,0.00660368410791
2018-04-05,0.00422723468181
2018-04-06,-0.012667600043
2018-04-09,0.00330217552677
2018-04-10,0.00929188859089
2018-04-11,-0.00285135703622
2018-04-12,0.00409707875782
2018-04-13,-0.00167310666584
2018-04-16,0.00506608865343
2018-04-17,0.00662707326958
2018-04-18,-0.000637689154641
2018-04-19,-0.00434336919543
2018-04-20,-0.00624665228058
2018-04-23,-0.000274964013258
2018-04-24,-0.00873587918879
2018-04-25,0.000982564024327
2018-04-26,0.00685176143253
2018-04-27,0.00105145858533
2018-04-30,-0.00462047255477
2018-05-01,0.00073905486953
2018-05-02,-0.00403043083674
2018-05-03,-0.000862692750787
2018-05-04,0.00800272542207
2018-05-07,0.00184288801293
2018-05-08,-0.000451811981401
2018-05-09,0.0053637277644
2018-05-10,0.00654968833824
2018-05-11,0.00203549334709
2018-05-14,-8.25557462865e-05
2018-05-15,-0.00592689288474
2018-05-16,0.00210098117116
2018-05-17,-0.00103552232939
2018-05-18,-0.000511194812958
2018-05-21,0.00459772619727
2018-05-22,-0.00169123781742
2018-05-23,0.00275224700748
2018-05-24,-0.000166935873462
2018-05-25,-0.000590600910253
2018-05-29,-0.00435918587213
2018-05-30,0.00701204431052
2018-05-31,-0.00403871151895
2018-06-01,0.00543054727176
2018-06-04,0.00190801632829
2018-06-05,0.000738772126754
2018-06-06,0.00412802338778
2018-06-07,0.000796023581075
2018-06-08,0.00122352841641
2018-06-11,0.000392916764367
2018-06-12,0.000894467611264
2018-06-13,-0.00230555761001
2018-06-14,0.00253359042485
2018-06-15,-0.000622905077345
2018-06-18,-0.00116871689752
2018-06-19,-0.00190387194108
2018-06-20,0.000279421751235
2018-06-21,-0.0036725651185
2018-06-22,0.00147392111586
2018-06-25,-0.0084255648775
2018-06-26,0.00197024914791
2018-06-27,-0.00424768598604
2018-06-28,0.00337534257429
2018-06-29,0.00120155056066
2018-07-02,0.00089648898231
2018-07-03,-0.00128853515871
2018-07-05,0.00526194944506
2018-07-06,0.00549139024609
2018-07-09,0.00504825320091
2018-07-10,0.00187765040359
2018-07-11,-0.00428108302229
2018-07-12,0.00595811872716
2018-07-13,0.000847815538278
2018-07-16,-0.000986098013226
2018-07-17,0.00230142315793
2018-07-18,0.00116520927886
2018-07-19,-0.00169904481846
2018-07-20,-0.0014694374911
2018-07-23,-0.000244419892039
2018-07-24,0.00361311898677
2018-07-25,0.00522076159355
2018-07-26,-0.0016602787219
2018-07-27,-0.00383824235277
2018-07-30,-0.00358259556621
2018-07-31,0.00332630683121
2018-08-01,-0.00142721487369
2018-08-02,0.00341966834914
2018-08-03,0.00344344516862
2018-08-06,0.00246985050481
2018-08-07,0.00127707246293
2018-08-08,-0.000253885774332
2018-08-09,-0.000262554652323
2018-08-10,-0.00317769069236
2018-08-13,-0.00202315405729
2018-08-14,0.00344975619557
2018-08-15,-0.00392871451092
2018-08-16,0.00507560336134
2018-08-17,0.0023413486279
2018-08-20,0.00207319281767
2018-08-21,0.00107573796449
2018-08-22,-2.22653933393e-05
2018-08-23,-0.00102331536763
2018-08-24,0.00407162340848
2018-08-27,0.0042427891226
2018-08-28,-0.000447857685999
2018-08-29,0.00318715705247
2018-08-30,-0.00227471201526
2018-08-31,-1.58396470797e-05
2018-09-04,-0.00148790121852
2018-09-05,-0.00180332190833
2018-09-06,-0.00112451720711
2018-09-07,-0.00260037192185
2018-09-10,0.00142053912418
2018-09-11,0.00129319146882
2018-09-12,0.000409762345573
2018-09-13,0.00381363310834
2018-09-14,-0.000649763489173
2018-09-17,-0.00318571476417
2018-09-18,0.00238864503553
2018-09-19,-0.000112533794444
2018-09-20,0.00541481998945
2018-09-21,-0.000252227507791
2018-09-24,-0.00238263168978
2018-09-25,-0.00074835043087
2018-09-26,-0.000864625745914
2018-09-27,0.0019464507761
2018-09-28,-0.000351101058226
2018-10-01,0.00198561301252
2018-10-02,0.000106477371799
2018-10-03,-0.00157127335699
2018-10-04,-0.00583819286895
2018-10-05,-0.00423675098796
2018-10-08,-0.000153792490443
2018-10-09,-0.000297191078721
2018-10-10,-0.0190579771437
2018-10-11,-0.0117920630176
2018-10-12,0.00823599182842
2018-10-15,-0.00357674806716
2018-10-16,0.0130615871195
2018-10-17,-0.000713199919615
2018-10-18,-0.00882438530978
2018-10-19,-0.000673602152988
2018-10-22,-0.00272206368043
2018-10-23,-0.00247876670918
2018-10-24,-0.016694379296
2018-10-25,0.0100103469963
2018-10-26,-0.00929134699151
2018-10-29,-0.00364422559158
2018-10-30,0.00794027938123
2018-10-31,0.00600161729795
2018-11-01,0.0072461498231
2018-11-02,-0.00474219282173
2018-11-05,0.00357576026397
2018-11-06,0.00383811449963
2018-11-07,0.0132309444143
2018-11-08,-0.00181847262473
2018-11-09,-0.00543578586901
2018-11-12,-0.0106426042039
2018-11-13,-0.000967515336174
2018-11-14,-0.00405455255536
2018-11-15,0.00673284774804
2018-11-16,0.00221042938704
2018-11-19,-0.0101778777078
2018-11-20,-0.0111727288479
2018-11-21,0.00228719839848
2018-11-23,-0.00406816080462
2018-11-26,0.0094480296085
2018-11-27,0.00211481052608
2018-11-28,0.0144682372021
2018-11-29,-0.00111965715455
2018-11-30,0.00353712642227
2018-12-03,0.0086025350142
2018-12-04,-0.0183726619416
2018-12-06,0.000113732403481
2018-12-07,-0.0131758297067
2018-12-10,0.00138441189159
2018-12-11,0.000251171688533
2018-12-12,0.00262973467641
2018-12-13,-8.12605195001e-05
2018-12-14,-0.0107022583077
2018-12-17,-0.0106919422781
2018-12-18,0.000613452463751
2018-12-19,-0.00821194140724
2018-12-20,-0.00970319219673
2018-12-21,-0.0118308200725
2018-12-24,-0.0145723933999
2018-12-26,0.0272374386999
2018-12-27,0.00505736314811
2018-12-28,0.000850557424845
2018-12-31,0.00607649058557
2019-01-02,0.000886202244527
2019-01-03,-0.0126659850671
2019-01-04,0.0186528224595
2019-01-07,0.00407369023681
2019-01-08,0.00537840921026
2019-01-09,0.00316745821663
2019-01-10,0.00170050565225
2019-01-11,0.000787091829233
2019-01-14,-0.00426271820236
2019-01-15,0.0070325841858
2019-01-16,0.00180599437061
2019-01-17,0.00433667443401
2019-01-18,0.00785698710575
2019-01-22,-0.00799066951975
2019-01-23,0.0016818882942
2019-01-24,0.000980261145959
2019-01-25,0.00499697535678
2019-01-28,-0.00488480603453
2019-01-29,0.000204935115166
2019-01-30,0.0105536772994
2019-01-31,0.00654965103474
2019-02-01,-0.000515034809533
2019-02-04,0.00388456754737
2019-02-05,0.00337987747943
2019-02-06,-0.00101670482319
2019-02-07,-0.0055547987009
2019-02-08,0.00162952221635
2019-02-11,-7.79115038886e-05
2019-02-12,0.00778895430332
2019-02-13,0.00125427089748
2019-02-14,-0.000748336356948
2019-02-15,0.00687006051713
2019-02-19,0.00126838471829
2019-02-20,0.00125770608188
2019-02-21,-0.00303587133821
2019-02-22,0.00475058496056
2019-02-25,0.000716143780214
2019-02-26,4.54821044715e-06
2019-02-27,-0.0011018804362
2019-02-28,-0.00182685189503
2019-03-01,0.00314637996811
2019-03-04,-0.00169458232038
2019-03-05,-0.000551573540656
2019-03-06,-0.00302239726734
2019-03-07,-0.00385905887561
2019-03-08,-0.000657695310922
2019-03-11,0.00863764674613
2019-03-12,0.00300055276997
2019-03-13,0.00376426809601
2019-03-14,-0.000980279486728
2019-03-15,0.00396699208909
2019-03-18,0.00209916853085
2019-03-19,-7.39245074615e-05
2019-03-20,-0.000174275577994
2019-03-21,0.00683744699851
2019-03-22,-0.00958447003649
2019-03-25,0.000296568698031
2019-03-26,0.00450924454149
2019-03-27,-0.00226815571729
2019-03-28,0.00229249960576
2019-03-29,0.00371975701731
2019-04-01,0.00524040324694
2019-04-02,0.000737256927359
2019-04-03,0.000205765456012
2019-04-04,0.00188881149274
2019-04-05,0.00320444257163
2019-04-08,0.000275445817863
2019-04-09,-0.0028668955566
2019-04-10,0.00282315903543
2019-04-11,-0.000644052865812
2019-04-12,0.00329905601922
2019-04-15,-0.000468600157616
2019-04-16,-0.000300007959533
2019-04-17,-0.00151528646722
2019-04-18,0.00170230936413
2019-04-22,4.45366026154e-05
2019-04-23,0.00612889079103
2019-04-24,-0.000434668485154
2019-04-25,-0.000409219681965
2019-04-26,0.00361767638826
2019-04-29,0.000259543256762
2019-04-30,0.000563293629767
2019-05-01,-0.00430563363008
2019-05-02,-0.00218114773865
2019-05-03,0.0065386276647
2019-05-06,-0.00196283081366
2019-05-07,-0.0095520763756
2019-05-08,-0.000902832653026
2019-05-09,-0.00158032316547
2019-05-10,0.00306418282224
2019-05-13,-0.0143171318285
2019-05-14,0.00567311064517
2019-05-15,0.00417790138091
2019-05-16,0.0050045540055
2019-05-17,-0.00373695717015
2019-05-20,-0.00448408176765
2019-05-21,0.00530313648246
2019-05-22,-0.00115571812346
2019-05-23,-0.00605771085026
2019-05-24,0.0014878063244
2019-05-28,-0.00488964482719
2019-05-29,-0.0038301039263
2019-05-30,0.00269598989386
2019-05-31,-0.0059734145738
2019-06-03,-0.000510357802287
2019-06-04,0.012661694044
2019-06-05,0.00502893993713
2019-06-06,0.00387944470988
2019-06-07,0.00719518266247
2019-06-10,0.00178184454213
2019-06-11,-0.000218485207056
2019-06-12,-0.000589311511895
2019-06-13,0.00336902416407
2019-06-14,-0.000781894293711
2019-06-17,0.00012727062417
2019-06-18,0.00746331173311
2019-06-19,0.00270918156097
2019-06-20,0.00652396053749
2019-06-21,-0.00189563344814
2019-06-24,-6.2243052387e-05
2019-06-25,-0.00596506410225
2019-06-26,-0.00148040431769
2019-06-27,0.00325355885932
2019-06-28,0.00298237747912
2019-07-01,0.00584758409967
2019-07-02,0.00228208446046
2019-07-03,0.00544434737082
2019-07-05,-0.0023623012746
2019-07-08,-0.0035250289335
2019-07-09,0.000641603177647
2019-07-10,0.0031616746364
2019-07-11,-5.41369132017e-05
2019-07-12,0.00313352463938
2019-07-15,0.000771891274647
2019-07-16,-0.0023774791408
2019-07-17,-0.00307477624288
2019-07-18,0.00284803783013
2019-07-19,-0.00381027225131
2019-07-22,0.00197923234936
2019-07-23,0.00390701893238
2019-07-24,0.00340675995446
2019-07-25,-0.0034907793362
2019-07-26,0.00411456144572
2019-07-29,-0.000924300516925
2019-07-30,-0.00151912438394
2019-07-31,-0.00642917773734
2019-08-01,-0.00211273297113
2019-08-02,-0.00437511857519
2019-08-05,-0.0162272261722
2019-08-06,0.00936344865477
2019-08-07,0.000133243229371
2019-08-08,0.0120260827201
2019-08-09,-0.00460343995828
2019-08-12,-0.0057813702253
2019-08-13,0.00862869715498
2019-08-14,-0.0163709615394
2019-08-15,0.00344551879689
2019-08-16,0.00834293403095
2019-08-19,0.00604521741864
2019-08-20,-0.00345008348888
2019-08-21,0.00460357308096
2019-08-22,-0.00125379686689
2019-08-23,-0.0136385884034
2019-08-26,0.00631754958492
2019-08-27,-0.00102042124107
2019-08-28,0.00418187774862
2019-08-29,0.00728980357961
2019-08-30,9.26560053356e-05
2019-09-03,-0.00357342739313
2019-09-04,0.00751289132459
2019-09-05,0.00603372468166
2019-09-06,0.000884492055097
2019-09-09,-0.00135747088276
2019-09-10,-0.00225828635626
2019-09-11,0.00439763761583
2019-09-12,0.00149097242699
2019-09-13,-0.00272122973548
2019-09-16,-0.000853138573999
2019-09-17,0.00213776703403
2019-09-18,0.000815575914126
2019-09-19,0.00051245411602
2019-09-20,-0.00147040000299
2019-09-23,3.01650350136e-05
2019-09-24,-0.0037057590232
2019-09-25,0.00195439861387
2019-09-26,-0.000609514067925
2019-09-27,-0.00278978178231
2019-09-30,0.00291662691471
2019-10-01,-0.00651637883414
2019-10-02,-0.0103160464705
2019-10-03,0.00645134683441
2019-10-04,0.00871192413031
2019-10-07,-0.003677207166
2019-10-08,-0.00915880627207
2019-10-09,0.00543814845762
2019-10-10,0.00265916794566
2019-10-11,0.00491198269428
2019-10-14,-3.13626260562e-06
2019-10-15,0.00466422451836
2019-10-16,-0.00027243288366
2019-10-17,0.00167911688427
2019-10-18,-0.00237195224959
2019-10-21,0.00301142832384
2019-10-22,-0.00138800348706
2019-10-23,0.00207717603308
2019-10-24,0.00109547494272
2019-10-25,0.00192517384533
2019-10-28,0.00258990296778
2019-10-29,-0.000146644482332
2019-10-30,0.00298166353777
2019-10-31,-9.9316165825e-05
2019-11-01,0.00573009712611
2019-11-04,0.00141883804001
2019-11-05,-0.00215092139848
2019-11-06,0.000739849425793
2019-11-07,0.00023949672081
2019-11-08,0.0012767218612
2019-11-11,-0.00108379433654
2019-11-12,0.00169814131937
2019-11-13,0.000902677484378
2019-11-14,0.0020090936442
2019-11-15,0.00415640318887
2019-11-18,0.00118387080682
2019-11-19,0.000105673694755
2019-11-20,-0.00130337907074
2019-11-21,-0.00153240016147
2019-11-22,0.0015529980626
2019-11-25,0.00506612792605
2019-11-26,0.0019305479257
2019-11-27,0.00221190501264
2019-11-29,-0.00273822259299
2019-12-02,-0.00558965609136
2019-12-03,-0.00221030558495
2019-12-04,0.00300844385733
2019-12-05,0.000615261002296
2019-12-06,0.00491128211707
2019-12-09,-0.00168210883183
2019-12-10,-0.000812263614019
2019-12-11,0.00276997162493
2019-12-12,0.00348735481949
2019-12-13,0.00194659150922
2019-12-16,0.00333859947875
2019-12-17,0.000167806693473
2019-12-18,-0.000732167871387
2019-12-19,0.00290963324945
2019-12-20,0.00273124625171
2019-12-23,0.000649503493399
2019-12-24,0.000507565557101
2019-12-26,0.00358643749853
2019-12-27,0.000369955982118
2019-12-30,-0.00335710593885
2019-12-31,0.000570268345052
2020-01-02,0.00676185830013
2020-01-03,-0.00337201555343
2020-01-06,0.00195888108949
2020-01-07,-0.00210972987829
2020-01-08,0.00272490464412
2020-01-09,0.00449277080075
2020-01-10,-0.00105774829057
2020-01-13,0.00387834138932
2020-01-14,-0.000564689469177
2020-01-15,0.00195836441913
2020-01-16,0.00500261972174
2020-01-17,0.00142239334658
2020-01-21,-6.35614963855e-05
2020-01-22,0.000282870887308
2020-01-23,0.00121649024135
2020-01-24,-0.00462963390333
2020-01-27,-0.00839706800317
2020-01-28,0.00589049937219
2020-01-29,0.000420668396345
2020-01-30,0.00197528143987
2020-01-31,-0.00967564751038
2020-02-03,0.0042724508497
2020-02-04,0.00781592088068
2020-02-05,0.0063900531704
2020-02-06,0.00228561952353
2020-02-07,-0.0021062015664
2020-02-10,0.00497371063255
2020-02-11,0.000572742335164
2020-02-12,0.00350853688446
2020-02-13,-0.000377597664922
2020-02-14,0.00138695398959
2020-02-18,-0.00105974372785
2020-02-19,0.00280932419577
2020-02-20,-0.00162085677024
2020-02-21,-0.0054832961415
2020-02-24,-0.018818826317
2020-02-25,-0.0173864994345
2020-02-26,-0.00259340071919
2020-02-27,-0.0263533862794
2020-02-28,0.000690560732896
2020-03-02,0.0247061801446
2020-03-03,-0.0144540833425
2020-03-04,0.0245419888653
2020-03-05,-0.0187636843564
2020-03-06,-0.00680152298791
2020-03-09,-0.0463503699826
2020-03-10,0.0244625966568
2020-03-11,-0.0343459088453
2020-03-12,-0.0719450258227
2020-03-13,0.0547144406896
2020-03-16,-0.0558530612045
2020-03-17,0.0174775732262
2020-03-18,-0.0451410247683
2020-03-19,0.011038216922
2020-03-20,-0.0194521964761
2020-03-23,-0.00292590388674
2020-03-24,0.0517641649051
2020-03-25,0.0128197136134
2020-03-26,0.0334331772365
2020-03-27,-0.0148842266073
2020-03-30,0.0184092641778
2020-03-31,-0.00954372234737
2020-04-01,-0.026680764971
2020-04-02,0.014438114129
2020-04-03,-0.00847162498023
2020-04-06,0.0423387246351
2020-04-07,0.00115987236931
2020-04-08,0.0210332325585
2020-04-09,0.0141689011334
2020-04-13,-0.00746058908765
2020-04-14,0.0185635623378
2020-04-15,-0.0118535487346
2020-04-16,0.00349001677603
2020-04-17,0.0164198654503
2020-04-20,-0.0116499443366
2020-04-21,-0.0188490214867
2020-04-22,0.0137542239383
2020-04-23,0.000851801019206
2020-04-24,0.00851016014834
2020-04-27,0.00733667187644
2020-04-28,-0.00145797658863
2020-04-29,0.0167471097014
2020-04-30,-0.00672759600795
2020-05-01,-0.0167998572078
2020-05-04,0.00199676772845
2020-05-05,0.00524042860202
2020-05-06,-0.00568354664553
2020-05-07,0.00849690459351
2020-05-08,0.00894838688264
2020-05-11,-0.00105048323512
2020-05-12,-0.0111421033099
2020-05-13,-0.0100400237369
2020-05-14,0.00841119609985
2020-05-15,0.00300411607827
2020-05-18,0.0177783980947
2020-05-19,-0.00583309886216
2020-05-20,0.0113251636387
2020-05-21,-0.00391819711599
2020-05-22,0.00135627919825
2020-05-26,0.00687490416688
2020-05-27,0.00967639570376
2020-05-28,-0.00139772714634
2020-05-29,0.00375829620556
2020-06-01,0.00225618947051
2020-06-02,0.00530925105804
2020-06-03,0.00702539867371
2020-06-04,-0.0027687955171
2020-06-05,0.0157579322276
2020-06-08,0.00782353012686
2020-06-09,-0.00408457648542
2020-06-10,-0.00182543209454
2020-06-11,-0.0358125110475
2020-06-12,0.00754901152
2020-06-15,0.0069193316587
2020-06-16,0.0107675565995
2020-06-17,-0.00284841766503
2020-06-18,0.000636305607661
2020-06-19,-0.00331752739655
2020-06-22,0.00376467206446
2020-06-23,0.00271406169284
2020-06-24,-0.0155077597829
2020-06-25,0.00689993334825
2020-06-26,-0.0138118974489
2020-06-29,0.00909380538775
2020-06-30,0.00800863544986
2020-07-01,0.00442305967021
2020-07-02,0.00377893080284
2020-07-06,0.00924455465826
2020-07-07,-0.00563498144069
2020-07-08,0.00446902208977
2020-07-09,-0.00239906413423
2020-07-10,0.00567444375316
2020-07-13,-0.00526763062745
2020-07-14,0.00844448544044
2020-07-15,0.0055928289144
2020-07-16,-0.00173561229528
2020-07-17,0.00215562000785
2020-07-20,0.00533403590655
2020-07-21,0.00152478844459
2020-07-22,0.00379401707257
2020-07-23,-0.00681996952716
2020-07-24,-0.00404008718238
2020-07-27,0.0041500335071
2020-07-28,-0.00358811946374
2020-07-29,0.00791106529002
2020-07-30,-0.00187502711142
2020-07-31,0.00496266541961
2020-08-03,0.00437714281245
2020-08-04,0.00308793912554
2020-08-05,0.00296138156516
2020-08-06,0.00459290687486
2020-08-07,-3.0614479117e-05
2020-08-10,0.00144107113348
2020-08-11,-0.00608667740504
2020-08-12,0.00761796516744
2020-08-13,-0.00255247717511
2020-08-14,-0.000346497330381
2020-08-17,0.00246243745014
2020-08-18,0.00187707112393
2020-08-19,-0.0031290899778
2020-08-20,0.00258900425361
2020-08-21,0.0025546782082
2020-08-24,0.00600724275669
2020-08-25,0.0013217219755
2020-08-26,0.00607968989588
2020-08-27,1.29752587648e-05
2020-08-28,0.00450320085727
2020-08-31,-0.00139709532678
2020-09-01,0.00658333948032
2020-09-02,0.00948898019945
2020-09-03,-0.0206500518481
2020-09-04,-0.00686972894664
2020-09-08,-0.0157742595886
2020-09-09,0.0115513932942
2020-09-10,-0.0102358884442
2020-09-11,0.000787731716331
2020-09-14,0.00776722732057
2020-09-15,0.00301684113264
2020-09-16,-0.00255438133983
2020-09-17,-0.00509025452072
2020-09-18,-0.00726088835804
2020-09-21,-0.0064501935609
2020-09-22,0.00625570051349
2020-09-23,-0.014451238344
2020-09-24,0.00158195091004
2020-09-25,0.00953201504614
2020-09-28,0.0100619301698
2020-09-29,-0.00313483293447
2020-09-30,0.00378731322383
2020-10-01,0.00433819205163
2020-10-02,-0.00610323458525
2020-10-05,0.00930762690683
2020-10-06,-0.00823345950026
2020-10-07,0.0101594698547
2020-10-08,0.00585522308515
2020-10-09,0.00550700204256
2020-10-12,0.0105395202687
2020-10-13,-0.00388711713885
2020-10-14,-0.00359595604609
2020-10-15,-0.00108323635588
2020-10-16,-0.000566770033151
2020-10-19,-0.00970124099035
2020-10-20,0.00208345829092
2020-10-21,-0.00161541163437
2020-10-22,0.00261299934807
2020-10-23,0.00263018216393
2020-10-26,-0.0106870058336
2020-10-27,-0.00116450507937
2020-10-28,-0.0211193151269
2020-10-29,0.0053017057473
2020-10-30,-0.00731296991949
2020-11-02,0.00739044864887
2020-11-03,0.0104229610716
2020-11-04,0.0161395061453
2020-11-05,0.0122232341829
2020-11-06,-0.000993550249104
2020-11-09,0.00589302996499
2020-11-10,-0.00152574533984
2020-11-11,0.00481202208232
2020-11-12,-0.00440450369097
2020-11-13,0.00858318233782
2020-11-16,0.00768733615971
2020-11-17,-0.00256950358741
2020-11-18,-0.00719907509977
2020-11-19,0.00331103821877
2020-11-20,-0.00383760778588
2020-11-23,0.00359091059264
2020-11-24,0.0094205845188
2020-11-25,-0.0010857911211
2020-11-27,0.00237095972753
2020-11-30,-0.00223550622818
2020-12-01,0.00554882092798
2020-12-02,0.000820923857754
2020-12-03,0.000514643921421
2020-12-04,0.00408838065265
2020-12-07,-0.000631402988932
2020-12-08,0.00179563350359
2020-12-09,-0.00597995268384
2020-12-10,0.000787181756375
2020-12-11,-0.000263139849827
2020-12-14,-0.0029227773019
2020-12-15,0.00833410650491
2020-12-16,0.000776257429551
2020-12-17,0.00335179260834
2020-12-18,-0.00261255916085
2020-12-21,-0.00215557844154
2020-12-22,-0.000440471156692
2020-12-23,0.000269887143479
2020-12-24,0.0027124771033
2020-12-28,0.0052426785985
2020-12-29,-0.00108625095186
2020-12-30,0.00109656185105
2020-12-31,0.0033711504184
2021-01-04,-0.00874172000153
2021-01-05,0.00372586874616
2021-01-06,0.00164032150917
2021-01-07,0.00857665336627
2021-01-08,0.00299806384275
2021-01-11,-0.00474443589365
2021-01-12,0.000463361188359
2021-01-13,0.00287699708253
2021-01-14,-0.00289808423649
2021-01-15,-0.00403265049709
2021-01-19,0.00529618919417
2021-01-20,0.00844179927139
2021-01-21,-6.58584343427e-06
2021-01-22,-0.00216406581372
2021-01-25,0.00340451992642
2021-01-26,-0.0010861178695
2021-01-27,-0.0148901685707
2021-01-28,0.0049310914345
2021-01-29,-0.0125846609809
2021-02-01,0.0104001883086
2021-02-02,0.00786992674019
2021-02-03,6.59529322489e-07
2021-02-04,0.00669799745928
2021-02-05,0.00188471342706
2021-02-08,0.00479541291847
2021-02-09,-0.000238931786559
2021-02-10,0.000102165504619
2021-02-11,0.000516044387668
2021-02-12,0.00211078486075
2021-02-16,-0.00236252363818
2021-02-17,0.000908751177837
2021-02-18,-0.0028049325291
2021-02-19,-0.0022838384603
2021-02-22,-0.00591087892925
2021-02-23,0.000842387053446
2021-02-24,0.00659357751426
2021-02-25,-0.0183273905066
2021-02-26,3.15432439717e-05
2021-03-01,0.0144841625881
2021-03-02,-0.00461230475506
2021-03-03,-0.00938847098499
2021-03-04,-0.00853553040636
2021-03-05,0.010632979509
2021-03-08,-0.00456021244267
2021-03-09,0.0100538516606
2021-03-10,0.0044009119111
2021-03-11,0.00606208088299
2021-03-12,-0.00143724766538
2021-03-15,0.00402698234782
2021-03-16,-0.000903428907702
2021-03-17,0.00203331441415
2021-03-18,-0.0103529309891
2021-03-19,-0.000805108705494
2021-03-22,0.00559048314662
2021-03-23,-0.00375959482111
2021-03-24,-0.00257759979108
2021-03-25,0.00317413939339
2021-03-26,0.00905501603216
2021-03-29,-0.000962171777561
2021-03-30,-0.00130073760251
2021-03-31,0.00252809256124
2021-04-01,0.00787044440921
2021-04-05,0.00780499704181
2021-04-06,0.00103549192738
2021-04-07,7.20131802099e-05
2021-04-08,0.0038385786593
2021-04-09,0.00394172004019
2021-04-12,0.00011739680548
2021-04-13,0.00293520622463
2021-04-14,-0.0023801404155
2021-04-15,0.00805746231648
2021-04-16,0.00100398579146
2021-04-19,-0.00329815115452
2021-04-20,-0.00383233290234
2021-04-21,0.00610859142358
2021-04-22,-0.00544683189219
2021-04-23,0.00649481157231
2021-04-26,0.000927638074078
2021-04-27,-0.00108724147195
2021-04-28,3.01353599246e-05
2021-04-29,0.00367598207343
2021-04-30,-0.00360353093246
2021-05-03,0.00155358025261
2021-05-04,-0.00321206096127
2021-05-05,0.000502702366878
2021-05-06,0.00484657701767
2021-05-07,0.0042617972372
2021-05-10,-0.0065843748048
2021-05-11,-0.0062272426154
2021-05-12,-0.0141154434159
2021-05-13,0.00806146587965
2021-05-14,0.0100747277729
2021-05-17,-0.0018755157956
2021-05-18,-0.00565128030706
2021-05-19,-0.00213057702456
2021-05-20,0.00780066173674
2021-05-21,-0.000314354257194
2021-05-24,0.00648496053252
2021-05-25,-0.000354544328401
2021-05-26,0.0010496240446
2021-05-27,-0.000173565839481
2021-05-28,0.00107386021952
2021-06-01,-0.00071488790101
2021-06-02,0.0014683054128
2021-06-03,-0.00317028042877
2021-06-04,0.00713238766178
2021-06-07,-0.000861501601858
2021-06-08,0.000859477685502
2021-06-09,-9.5421526512e-05
2021-06-10,0.00362248566699
2021-06-11,0.000818604192946
2021-06-14,0.000340322465722
2021-06-15,-0.000930711625692
2021-06-16,-0.00464042747009
2021-06-17,0.00105463919415
2021-06-18,-0.00701486808373
2021-06-21,0.00748164759052
2021-06-22,0.00362544021673
2021-06-23,-0.00093249817598
2021-06-24,0.00369384796998
2021-06-25,0.00134450150735
2021-06-28,0.00235577798043
2021-06-29,0.000531110779656
2021-06-30,0.000783128671157
2021-07-01,0.00311578988106
2021-07-02,0.00545511182779
2021-07-06,0.000183494619469
2021-07-07,0.00281166948708
2021-07-08,-0.00444532527111
2021-07-09,0.0050715583506
2021-07-12,0.00191384336261
2021-07-13,-0.0029134401617
2021-07-14,0.00224299724163
2021-07-15,-0.00119565346617
2021-07-16,-0.00505483624237
2021-07-19,-0.00673290030176
2021-07-20,0.00812916161297
2021-07-21,0.00352563447234
2021-07-22,0.00218736640195
2021-07-23,0.00590126793372
2021-07-26,0.00113839887973
2021-07-27,-0.00183003643581
2021-07-28,0.00012920319374
2021-07-29,0.00184619133292
2021-07-30,-0.00238308616386
2021-08-02,-0.000416963599418
2021-08-03,0.00501864274766
2021-08-04,-0.00299467036664
2021-08-05,0.00291352265891
2021-08-06,-0.00078011009403
2021-08-09,-0.00120908241312
2021-08-10,0.000238383450299
2021-08-11,0.00187979127907
2021-08-12,0.00184862707526
2021-08-13,0.00253468976476
2021-08-16,0.00163010949597
2021-08-17,-0.00427865548379
2021-08-18,-0.00658487516581
2021-08-19,0.00161853073255
2021-08-20,0.00482483973069
2021-08-23,0.00531239449098
2021-08-24,0.00038530420367
2021-08-25,0.000527435747948
2021-08-26,-0.00355358977989
2021-08-27,0.00650874160655
2021-08-30,0.00311171232244
2021-08-31,-0.00147404679765
2021-09-01,0.000439870852052
2021-09-02,0.00226009199004
2021-09-03,-0.000834384959216
2021-09-07,-0.00321628183113
2021-09-08,-7.50572192418e-05
2021-09-09,-0.00128881183759
2021-09-10,-0.00551220271662
2021-09-13,0.00204909024093
2021-09-14,-0.00231879513242
2021-09-15,0.00458837743784
2021-09-16,-0.00163993686108
2021-09-17,-0.00616692380862
2021-09-20,-0.00915765157094
2021-09-21,-0.000381851622358
2021-09-22,0.00590083531477
2021-09-23,0.00520301745726
2021-09-24,0.000285581683307
2021-09-27,-0.00226759934675
2021-09-28,-0.0137130958654
2021-09-29,0.00128210591971
2021-09-30,-0.00732587303154
2021-10-01,0.00826177875416
2021-10-04,-0.00801587841861
2021-10-05,0.00526570645673
2021-10-06,0.00266824336651
2021-10-07,0.00408279381916
2021-10-08,-0.00196695079018
2021-10-11,-0.00499646973537
2021-10-12,-1.76015843147e-05
2021-10-13,0.00306923168134
2021-10-14,0.0108793736057
2021-10-15,0.00364263935992
2021-10-18,0.00152380723645
2021-10-19,0.00356139279648
2021-10-20,0.00212550768024
2021-10-21,0.000778479610196
2021-10-22,0.000113310888947
2021-10-25,0.00365682386658
2021-10-26,0.00126332234766
2021-10-27,-0.00142952924211
2021-10-28,0.0055914687817
2021-10-29,0.0011437028484
2021-11-01,0.000805733857727
2021-11-02,0.00323008149366
2021-11-03,0.00286450044571
2021-11-04,0.00415985429529
2021-11-05,0.00364871649249
2021-11-08,-0.000209711216593
2021-11-09,-0.000890301507382
2021-11-10,-0.00753444349544
2021-11-11,-0.000536043820693
2021-11-12,0.00447408647181
2021-11-15,-0.00124872322112
2021-11-16,0.00225524209714
2021-11-17,-0.000537134158557
2021-11-18,0.00240009190457
2021-11-19,-0.000322362281101
2021-11-22,-0.00360256889009
2021-11-23,-0.000758674958524
2021-11-24,0.00252097662791
2021-11-26,-0.0107169989019
2021-11-29,0.0075596804137
2021-11-30,-0.0110527225688
2021-12-01,-0.00655810696637
2021-12-02,0.00912019843994
2021-12-03,-0.00366211703358
2021-12-06,0.00572527982775
2021-12-07,0.0118782185771
2021-12-08,0.000590961888369
2021-12-09,-0.00408966888863
2021-12-10,0.00583706083735
2021-12-13,-0.00405459904763
2021-12-14,-0.00493716956024
2021-12-15,0.00917849343939
2021-12-16,-0.00485406983893
2021-12-17,-0.00599864663206
2021-12-20,-0.00702679593174
2021-12-21,0.0104070088618
2021-12-22,0.00642234268457
2021-12-23,0.00331895696771
2021-12-27,0.00886396641845
2021-12-28,-0.0006714130462
2021-12-29,-0.000359147062544
2021-12-30,-0.000860048793665
2021-12-31,-0.00168465834926
2022-01-03,0.00090305182578
2022-01-04,-0.000236374352039
2022-01-05,-0.0127561550182
2022-01-06,-0.00098914041251
2022-01-07,-0.00353798747265
2022-01-10,-0.00110082396507
2022-01-11,0.00618132020309
2022-01-12,0.00161526368218
2022-01-13,-0.00752694468887
2022-01-14,-0.00202260746898
2022-01-18,-0.0130016002059
2022-01-19,-0.00528056283628
2022-01-20,-0.00630871862801
2022-01-21,-0.00989944151758
2022-01-24,0.00198365521972
2022-01-25,-0.00752274878155
2022-01-26,-0.00381813831492
2022-01-27,-0.00147369769346
2022-01-28,0.0146716526293
2022-01-31,0.0104887189318
2022-02-01,0.00382507637556
2022-02-02,0.00625836514599
2022-02-03,-0.015754254002
2022-02-04,0.000275524825204
2022-02-07,-0.00156372276878
2022-02-08,0.00369631665011
2022-02-09,0.00905883939664
2022-02-10,-0.0145186381682
2022-02-11,-0.00927414194822
2022-02-14,-0.00429556057662
2022-02-15,0.00896749818513
2022-02-16,0.00114840636881
2022-02-17,-0.0120081641469
2022-02-18,-0.00300880995387
2022-02-22,-0.00681421928321
2022-02-23,-0.012313045277
2022-02-24,0.00960316073049
2022-02-25,0.0134547232459
2022-02-28,0.00138591841437
2022-03-01,-0.00676707197265
2022-03-02,0.00623735441213
2022-03-03,-0.00169590501992
2022-03-04,-0.00333665204717
2022-03-07,-0.0200638926924
2022-03-08,-0.00595784091289
2022-03-09,0.01511690598
2022-03-10,-0.0049444319658
2022-03-11,-0.00773668923659
2022-03-14,-0.00825996446429
2022-03-15,0.0140935021794
2022-03-16,0.0137075410278
2022-03-17,0.00828350543969
2022-03-18,0.00757116426371
2022-03-21,-0.00395890378575
2022-03-22,0.00618012235449
2022-03-23,-0.00642264566754
2022-03-24,0.00842988907504
2022-03-25,1.11010529977e-05
2022-03-28,0.0053566206919
2022-03-29,0.00949002375604
2022-03-30,-0.0028518962179
2022-03-31,-0.00978085090079
2022-04-01,0.00106279069924
2022-04-04,0.00547727295343
2022-04-05,-0.0116269552806
2022-04-06,-0.00702998424395
2022-04-07,0.00214730230064
2022-04-08,-0.00361565074235
2022-04-11,-0.0119963931939
2022-04-12,-0.000947825592788
2022-04-13,0.00764658538503
2022-04-14,-0.0107113376096
2022-04-18,-0.000990624668843
2022-04-19,0.00723219840397
2022-04-20,0.00181801850015
2022-04-21,-0.0111988434838
2022-04-22,-0.0168644813659
2022-04-25,0.00616497005147
2022-04-26,-0.0159426496481
2022-04-27,-2.5369604395e-05
2022-04-28,0.0146835972606
2022-04-29,-0.0243761454968
2022-05-02,0.00126358230152
2022-05-03,0.00365126272373
2022-05-04,0.0208642976378
2022-05-05,-0.0254449150555
2022-05-06,-0.0052676175531
2022-05-09,-0.0172224497344
2022-05-10,0.00260801220525
2022-05-11,-0.00785684943774
2022-05-12,0.00015524526828
2022-05-13,0.0122069891145
2022-05-16,-0.00148374275849
2022-05-17,0.0099029637722
2022-05-18,-0.0224171668558
2022-05-19,-0.00253444427014
2022-05-20,0.00151082785637
2022-05-23,0.00952539534201
2022-05-24,-0.00132197774222
2022-05-25,0.00688712956193
2022-05-26,0.0113773347515
2022-05-27,0.0151621014661
2022-05-31,-0.00590509060501
2022-06-01,-0.00648433475901
2022-06-02,0.0119318635274
2022-06-03,-0.0105694815823
2022-06-06,-0.000617863154186
2022-06-07,0.00729815635272
2022-06-08,-0.00818954630141
2022-06-09,-0.0147593085326
2022-06-10,-0.0204316590454
2022-06-13,-0.029162413569
2022-06-14,-0.0042170203181
2022-06-15,0.0129575733432
2022-06-16,-0.0184706105534
2022-06-17,0.00120667382279
2022-06-21,0.0129185927916
2022-06-22,0.0024507473335
2022-06-23,0.00745991592614
2022-06-24,0.0179635415935
2022-06-27,-0.00407698154128
2022-06-28,-0.0119699829921
2022-06-29,0.00189145114253
2022-06-30,-0.00289275314335
2022-07-01,0.00962855261567
2022-07-05,0.00187563517148
2022-07-06,-0.000665231064544
2022-07-07,0.00812501372809
2022-07-08,-0.00197060070538
2022-07-11,-0.00511301132828
2022-07-12,-0.00479344583527
2022-07-13,-0.00170597299745
2022-07-14,-0.00286713955022
2022-07-15,0.0130194285478
2022-07-18,-0.0062584059169
2022-07-19,0.0157027063049
2022-07-20,0.00360630154635
2022-07-21,0.00947067382088
2022-07-22,-0.00262158078905
2022-07-25,-0.000711408297484
2022-07-26,-0.00726161963252
2022-07-27,0.0170803262731
2022-07-28,0.0104431842591
2022-07-29,0.00894613393474
2022-08-01,-0.000496481459111
2022-08-02,-0.00806446991342
2022-08-03,0.011188997568
2022-08-04,0.000548856390695
2022-08-05,-0.00545451769453
2022-08-08,0.00110456812679
2022-08-09,-0.003280684439
2022-08-10,0.0136734009658
2022-08-11,-0.00209059853094
2022-08-12,0.0120610049521
2022-08-15,0.00301044016428
2022-08-16,0.000637075822389
2022-08-17,-0.00664103424019
2022-08-18,0.00261230227123
2022-08-19,-0.0109520669471
2022-08-22,-0.0144122259009
2022-08-23,-0.00162479767768
2022-08-24,0.000899035958695
2022-08-25,0.0107573373632
2022-08-26,-0.0213970227315
2022-08-29,-0.00590151476244
2022-08-30,-0.00610279234756
2022-08-31,-0.00669749522318
2022-09-01,0.000138729577615
2022-09-02,-0.00516734408679
2022-09-06,-0.00602864124079
2022-09-07,0.0135343942289
2022-09-08,0.00265004897285
2022-09-09,0.00932899541329
2022-09-12,0.00593028582781
2022-09-13,-0.0287042115469
2022-09-14,0.0028154714252
2022-09-15,-0.00802998466617
2022-09-16,-0.00485323795269
2022-09-19,0.00402087433478
2022-09-20,-0.00866738061241
2022-09-21,-0.00915923279932
2022-09-22,-0.00931788456567
2022-09-23,-0.0111931204581
2022-09-26,-0.0111091957054
2022-09-27,-0.00325678249693
2022-09-28,0.0182221369177
2022-09-29,-0.0145101767525
2022-09-30,-0.0100763900908
2022-10-03,0.0188054422582
2022-10-04,0.0196651409299
2022-10-05,-0.00347705963635
2022-10-06,-0.00780875776699
2022-10-07,-0.018986892297
2022-10-10,-0.00637822894778
2022-10-11,-0.00354494943149
2022-10-12,-0.00163481822268
2022-10-13,0.0144858079741
2022-10-14,-0.015926079174
2022-10-17,0.0162558722965
2022-10-18,0.00777757430965
2022-10-19,-0.00769203916263
2022-10-20,-0.00747028112602
2022-10-21,0.0153487010093
2022-10-24,0.00696204865569
2022-10-25,0.013609569069
2022-10-26,-0.00295289720794
2022-10-27,-0.00133437385575
2022-10-28,0.0135883483011
2022-10-31,-0.00574904713951
2022-11-01,-0.00200627116308
2022-11-02,-0.0157323108226
2022-11-03,-0.00761885030146
2022-11-04,0.00848732400024
2022-11-07,0.00441849544413
2022-11-08,0.00493771485071
2022-11-09,-0.0118841133139
2022-11-10,0.0413661261182
2022-11-11,0.00553774548253
2022-11-14,-0.00624869019914
2022-11-15,0.00807201804986
2022-11-16,-0.00214778515386
2022-11-17,-0.00351703634283
2022-11-18,0.00214946401924
2022-11-21,-0.00243427835714
2022-11-22,0.0101458229134
2022-11-23,0.00616268272576
2022-11-25,-5.36916293224e-05
2022-11-28,-0.0102694587859
2022-11-29,-0.00246181080076
2022-11-30,0.0220158519586
2022-12-01,0.00283366550905
2022-12-02,0.000966340848425
2022-12-05,-0.0139228702067
2022-12-06,-0.00740650444069
2022-12-07,0.00262647345008
2022-12-08,0.00338252267328
2022-12-09,-0.00684472968941
2022-12-12,0.00861386188455
2022-12-13,0.00720947022449
2022-12-14,-0.00291154357497
2022-12-15,-0.0139154652539
2022-12-16,-0.00800760277415
2022-12-19,-0.00750789846341
2022-12-20,-0.00202274839063
2022-12-21,0.00990299320968
2022-12-22,-0.00852844871945
2022-12-23,0.00193553462223
2022-12-27,-0.00530507929584
2022-12-28,-0.00803464671338
2022-12-29,0.012083964666
2022-12-30,-0.00349075982255
2023-01-03,-8.65339661702e-05
2023-01-04,0.00684627173387
2023-01-05,-0.00717973012511
2023-01-06,0.0181010333786
2023-01-09,0.000666672427163
2023-01-10,0.00267827857405
2023-01-11,0.0100713582362
2023-01-12,0.00506202447369
2023-01-13,0.00087720074504
2023-01-17,-0.00181995442769
2023-01-18,-0.00563441239852
2023-01-19,-0.00527608344303
2023-01-20,0.00949438211803
2023-01-23,0.00624607039462
2023-01-24,0.00108246804622
2023-01-25,0.000699367736547
2023-01-26,0.00598170750143
2023-01-27,0.000810588770636
2023-01-30,-0.00869581645836
2023-01-31,0.010535302585
2023-02-01,0.00922012725051
2023-02-02,0.00917128296183
2023-02-03,-0.0102302381644
2023-02-06,-0.00587268132383
2023-02-07,0.00720384670159
2023-02-08,-0.00607390298835
2023-02-09,-0.00678948481875
2023-02-10,-0.000324839611442
2023-02-13,0.00829589798061
2023-02-14,-0.00167622335253
2023-02-15,0.00121017506773
2023-02-16,-0.0100070769974
2023-02-17,-0.000584751321741
2023-02-21,-0.0158386154803
2023-02-22,0.000237199933625
2023-02-23,0.00463119485488
2023-02-24,-0.00870827195325
2023-02-27,0.00282578512555
2023-02-28,-0.00226000750211
2023-03-01,-0.00459355034262
2023-03-02,0.00383768103841
2023-03-03,0.012798056223
2023-03-06,-0.000559719854754
2023-03-07,-0.00980477438339
2023-03-08,0.000570027788022
2023-03-09,-0.00967162962941
2023-03-10,-0.00391675161845
2023-03-13,0.00241322549806
2023-03-14,0.00731180931449
2023-03-15,0.000336378237398
2023-03-16,0.00873821120332
2023-03-17,-0.0044180208884
2023-03-20,0.00403410142526
2023-03-21,0.00656979739281
2023-03-22,-0.00632375546129
2023-03-23,0.00258188391147
2023-03-24,0.00457567206117
2023-03-27,-0.00328452460481
2023-03-28,-0.00194932821614
2023-03-29,0.00914637782901
2023-03-30,0.00395114858209
2023-03-31,0.0103914207621
2023-04-03,0.00402199805408
2023-04-04,-0.00184633618634
2023-04-05,-0.000200106196456
2023-04-06,0.00196479754884
2023-04-10,-0.0021519686551
2023-04-11,0.000401998817581
2023-04-12,-0.00196089818301
2023-04-13,0.00778249884406
2023-04-14,-0.00342465035567
2023-04-17,0.000157208919342
2023-04-18,0.000954552229342
2023-04-19,-0.000702220867756
2023-04-20,-0.00149494188192
2023-04-21,-0.000214228663328
2023-04-24,0.00219236764659
2023-04-25,-0.00706889547309
2023-04-26,-0.00401651454047
2023-04-27,0.0104112165382
2023-04-28,0.00717826379108
2023-05-01,-0.00468292989294
2023-05-02,-0.00285234424652
2023-05-03,-0.0022954182691
2023-05-04,-0.00468360430776
2023-05-05,0.0096275142484
2023-05-08,-0.00207104688463
2023-05-09,-0.00298545164092
2023-05-10,0.00539522597557
2023-05-11,0.000176282851311
2023-05-12,-0.00304877394031
2023-05-15,0.00104022295837
2023-05-16,-0.00492667390408
2023-05-17,0.00662780436619
2023-05-18,0.00391212970353
2023-05-19,-0.00176585214199
2023-05-22,-0.000119204109853
2023-05-23,-0.00632893232557
2023-05-24,-0.00536915137352
2023-05-25,0.0037180698533
2023-05-26,0.00812810145251
2023-05-30,0.00285986364646
2023-05-31,-0.00193649773251
2023-06-01,0.00692043972953
2023-06-02,0.00656733162084
2023-06-05,-0.00119904302441
2023-06-06,0.00179994012645
2023-06-07,-0.00418460827698
2023-06-08,0.00576221695685
2023-06-09,0.000160927379897
2023-06-12,0.00618184154719
2023-06-13,0.00216927938162
2023-06-14,0.00108595846503
2023-06-15,0.0102782970948
2023-06-16,-0.00330625449754
2023-06-20,-0.00246228812622
2023-06-21,-0.00249166444328
2023-06-22,0.000169354395056
2023-06-23,-0.00346381505236
2023-06-26,-0.00200591420537
2023-06-27,0.00589360563085
2023-06-28,0.00145990220673
2023-06-29,-0.000613536821296
2023-06-30,0.00813621551994
2023-07-03,0.00023778244436
2023-07-05,-0.00269603065589
2023-07-06,-0.0072934402074
2023-07-07,-0.00143297348273
2023-07-10,0.00263752589111
2023-07-11,0.00468743132382
2023-07-12,0.00808500428167
2023-07-13,0.00725801064944
2023-07-14,-0.00227953312427
2023-07-17,0.00253763901289
2023-07-18,0.00480182280315
2023-07-19,0.00255361679502
2023-07-20,-0.00605882818631
2023-07-21,0.000283200945817
2023-07-24,0.00196759606389
2023-07-25,0.00120734950741
2023-07-26,0.00138404574316
2023-07-27,-0.00739606650587
2023-07-28,0.00747147457933
2023-07-31,0.00163918254419
2023-08-01,-0.00434629319744
2023-08-02,-0.00929718531231
2023-08-03,-0.00442373880201
2023-08-04,0.000605737854009
2023-08-07,0.0052776998089
2023-08-08,-0.00163824580115
2023-08-09,-0.0036890090461
2023-08-10,-0.00242564834516
2023-08-11,-0.00160690914554
2023-08-14,0.0029955749588
2023-08-15,-0.00805022073129
2023-08-16,-0.00534066900444
2023-08-17,-0.00495201013966
2023-08-18,0.00118220489555
2023-08-21,0.00180475451832
2023-08-22,-0.00118551888189
2023-08-23,0.0104949757859
2023-08-24,-0.00916515962538
2023-08-25,0.00391470078081
2023-08-28,0.00465349218922
2023-08-29,0.0112088854083
2023-08-30,0.00228914634167
2023-08-31,-0.00029093353869
2023-09-01,-0.000977671901582
2023-09-05,-0.00475888270856
2023-09-06,-0.00441207408214
2023-09-07,-0.000577471896429
2023-09-08,0.00110996517715
2023-09-11,0.00346815064553
2023-09-12,-0.00316285339792
2023-09-13,0.00128543660655
2023-09-14,0.00461081823713
2023-09-15,-0.00815229149299
2023-09-18,0.000940125000904
2023-09-19,-0.00241727202485
2023-09-20,-0.00570861321626
2023-09-21,-0.0126057015297
2023-09-22,0.000383088828064
2023-09-25,-0.000730008284601
2023-09-26,-0.00925569319222
2023-09-27,-0.00119455749919
2023-09-28,0.00465102790853
2023-09-29,-0.00182859933586
2023-10-02,-0.00307577726456
2023-10-03,-0.0111670581778
2023-10-04,0.00718264235691
2023-10-05,3.30998334412e-05
2023-10-06,0.00555301862799
2023-10-09,0.00797278839379
2023-10-10,0.00274680897867
2023-10-11,0.00429343110647
2023-10-12,-0.00709613229203
2023-10-13,-0.00130260446665
2023-10-16,0.00410807266715
2023-10-17,-0.00287073875666
2023-10-18,-0.00991259308964
2023-10-19,-0.00681561116326
2023-10-20,-0.0059852717243
2023-10-23,0.000528356943105
2023-10-24,0.00594515431579
2023-10-25,-0.0115823199106
2023-10-26,-0.00444005425647
2023-10-27,-0.00281929985903
2023-10-30,0.00610619840058
2023-10-31,0.0034755948003
2023-11-01,0.0108170135929
2023-11-02,0.0139059431978
2023-11-03,0.00791920336645
2023-11-06,-0.000588007950173
2023-11-07,0.00382793287667
2023-11-08,0.00178484401612
2023-11-09,-0.00801976328519
2023-11-10,0.0103611394363
2023-11-13,-0.000620800337175
2023-11-14,0.0167149800657
2023-11-15,-0.00113558369283
2023-11-16,0.00288701586308
2023-11-17,0.00153816630071
2023-11-20,0.00530866203136
2023-11-21,-0.000924674331899
2023-11-22,0.00272402593778
2023-11-24,-0.00141342320187
2023-11-27,0.00109633426499
2023-11-28,0.00231373243212
2023-11-29,0.00147881408144
2023-11-30,0.00109875061066
2023-12-01,0.00702789640557
2023-12-04,-0.00467824742784
2023-12-05,0.00253808426409
2023-12-06,-0.00137478080077
2023-12-07,0.00467515955709
2023-12-08,0.000549857283988
2023-12-11,0.00237664490848
2023-12-12,0.00393963750252
2023-12-13,0.0132972817445
2023-12-14,0.00514443534646
2023-12-15,-0.0019175177684
2023-12-18,0.00257213557912
2023-12-19,0.00414977868709
2023-12-20,-0.00692410464097
2023-12-21,0.00564660877303
2023-12-22,0.000687110861859
2023-12-26,0.00334930318705
2023-12-27,0.00361418126307
2023-12-28,-0.000650434009724
2023-12-29,-0.00250410606401
2024-01-02,-0.00525682860823
2024-01-03,-0.00469754379985
2024-01-04,-0.00355341924981
2024-01-05,-0.000119720551495
2024-01-08,0.0100621071987
2024-01-09,-0.000993219186025
2024-01-10,0.00263094494483
2024-01-11,0.0019945488013
2024-01-12,0.00114173974522
2024-01-16,-0.00518477461741
2024-01-17,-0.0044395503183
2024-01-18,0.00498356335047
2024-01-19,0.00760847008051
2024-01-22,0.00200505865454
2024-01-23,0.000808676607621
2024-01-24,-0.000215300095406
2024-01-25,0.00507228370541
2024-01-26,-0.00121174751984
2024-01-29,0.00637823431285
2024-01-30,0.000280582275159
2024-01-31,-0.00816121695191
2024-02-01,0.010157927568
2024-02-02,0.00265345924971
2024-02-05,-0.00545385537027
2024-02-06,0.00381769768992
2024-02-07,0.00424379446133
2024-02-08,-0.000932880420042
2024-02-09,0.00339703703298
2024-02-12,-0.000187980041627
2024-02-13,-0.011995327432
2024-02-14,0.00727102815556
2024-02-15,0.00513121870632
2024-02-16,-0.00428056905718
2024-02-20,-0.00300003904086
2024-02-21,-0.000615285076062
2024-02-22,0.012944293902
2024-02-23,0.00185463146632
2024-02-26,-0.00308133100322
2024-02-27,0.000622360872765
2024-02-28,-5.62179415717e-05
2024-02-29,0.00284183571476
2024-03-01,0.00760203385746
2024-03-04,-0.00162776029754
2024-03-05,-0.00382267062143
2024-03-06,0.00364175204972
2024-03-07,0.00679347795982
2024-03-08,-0.00322994757753
2024-03-11,-0.000964042436158
2024-03-12,0.00540516959639
2024-03-13,-0.00167546192902
2024-03-14,-0.00371955169215
2024-03-15,-0.0041749181533
2024-03-18,0.00315669445524
2024-03-19,0.00433032249455
2024-03-20,0.00639239797982
2024-03-21,0.00228184389965
2024-03-22,0.000108168061467
2024-03-25,-0.00239728530341
2024-03-26,-0.000709117744784
2024-03-27,0.00636720884771
2024-03-28,-0.000599675389977
2024-04-01,-0.0039333805037
2024-04-02,-0.00410368785661
2024-04-03,0.000906176640612
2024-04-04,-0.00635641908123
2024-04-05,0.00421865613217
2024-04-08,-3.84124664046e-05
2024-04-09,0.00206225340184
2024-04-10,-0.0107978016515
2024-04-11,0.00460607300955
2024-04-12,-0.00754533932866
2024-04-15,-0.00991630840837
2024-04-16,-0.00223102603195
2024-04-17,-0.00165663932963
2024-04-18,-0.00237003009959
2024-04-19,-0.00475369982381
2024-04-22,0.00570094938469
2024-04-23,0.0078915691387
2024-04-24,-0.00134004737153
2024-04-25,-0.0034076031754
2024-04-26,0.00653704734387
2024-04-29,0.00334042487198
2024-04-30,-0.0111087019483
2024-05-01,-0.000508500001966
2024-05-02,0.00741750996411
2024-05-03,0.00949364207489
2024-05-06,0.00651490506631
2024-05-07,0.00148810840781
2024-05-08,-0.000760772415865
2024-05-09,0.00422643817546
2024-05-10,-3.51877629629e-05
2024-05-13,0.000285399039624
2024-05-14,0.0038465399269
2024-05-15,0.0101246794556
2024-05-16,-0.00169555137454
2024-05-17,-0.000374623838697
2024-05-20,0.000339485484684
2024-05-21,0.00222245417889
2024-05-22,-0.00224023637474
2024-05-23,-0.00554418730488
2024-05-24,0.00447506035462
2024-05-28,-0.00138962073524
2024-05-29,-0.00577734313506
2024-05-30,-0.00222257904838
2024-05-31,0.0068011140546
2024-06-03,0.00285107634105
2024-06-04,0.00211700702328
2024-06-05,0.0083609850069
2024-06-06,0.000111439023906
2024-06-07,-0.00424745745231
2024-06-10,0.00153530020609
2024-06-11,0.00280796885877
2024-06-12,0.00684109249498
2024-06-13,0.00320738649804
2024-06-14,0.00077226270089
2024-06-17,0.00339128708845
2024-06-18,0.00295215365024
2024-06-20,-0.00233049987175
2024-06-21,-0.000772558574816
2024-06-24,-0.0016469692602
2024-06-25,0.00228900113201
2024-06-26,-0.00101659910615
2024-06-27,0.00160254482572
2024-06-28,-0.00432228264857
2024-07-01,-0.000864500252259
2024-07-02,0.00536774094516
2024-07-03,0.00483075004006
2024-07-05,0.00547893517208
2024-07-08,0.000816067215709
2024-07-09,0.000216467582824
2024-07-10,0.00636000051669
2024-07-11,-0.00317348028936
2024-07-12,0.00488612948159
2024-07-15,0.000274583143152
2024-07-16,0.00519473862222
2024-07-17,-0.00817282936948
2024-07-18,-0.0057043496347
2024-07-19,-0.00479066197779
2024-07-22,0.00599239781493
2024-07-23,-0.00098173068545
2024-07-24,-0.0148094347499
2024-07-25,-0.00197764706659
2024-07-26,0.00809291635219
2024-07-29,0.00100919415253
2024-07-30,-0.00259853411791
2024-07-31,0.0118244654145
2024-08-01,-0.00674426307424
2024-08-02,-0.006696324343
2024-08-05,-0.0175889854487
2024-08-06,0.00292222328033
2024-08-07,-0.00517592616561
2024-08-08,0.0129862403187
2024-08-09,0.00405220690478
2024-08-12,0.00100467598045
2024-08-13,0.0114025266248
2024-08-14,0.002608380201
2024-08-15,0.00856089256214
2024-08-16,0.00230583891883
2024-08-19,0.00619996296015
2024-08-20,0.000199342051923
2024-08-21,0.00282376191958
2024-08-22,-0.00635298790481
2024-08-23,0.00822869217548
2024-08-26,-0.00179437183202
2024-08-27,0.00094752779344
2024-08-28,-0.00386245125703
2024-08-29,-0.000458698169735
2024-08-30,0.00481564456636
2024-09-03,-0.0108193309906
2024-09-04,0.000525588594941
2024-09-05,-0.000419779658859
2024-09-06,-0.00953377077722
2024-09-09,0.00724113562249
2024-09-10,0.00383086462275
2024-09-11,0.00598974545377
2024-09-12,0.00468116839698
2024-09-13,0.00396178550714
2024-09-16,0.00182893773864
2024-09-17,-0.000146017870336
2024-09-18,-0.00303564855024
2024-09-19,0.0102976415817
2024-09-20,-0.00139592633826
2024-09-23,0.00135620566112
2024-09-24,0.00227724010189
2024-09-25,-0.0028492654772
2024-09-26,0.00248199748466
2024-09-27,0.000244338980074
2024-09-30,0.00153747821425
2024-10-01,-0.00441256974145
2024-10-02,-0.00057655337776
2024-10-03,-0.00271901992219
2024-10-04,0.00288578669866
2024-10-07,-0.00681209902729
2024-10-08,0.006384159437
2024-10-09,0.00316454309904
2024-10-10,-0.00129986036842
2024-10-11,0.00375522281055
2024-10-14,0.00462424844564
2024-10-15,-0.00318034181276
2024-10-16,0.00315330951577
2024-10-17,-0.00186589120329
2024-10-18,0.00262071626137
2024-10-21,-0.00370206778135
2024-10-22,-0.000246624865818
2024-10-23,-0.00657184787584
2024-10-24,0.00207077779508
2024-10-25,-0.000999772635182
2024-10-28,0.00125595920478
2024-10-29,0.00142399835578
2024-10-30,-0.0022450901623
2024-10-31,-0.0120643873269
2024-11-01,0.000988649005142
2024-11-04,0.00038602534121
2024-11-05,0.00817763142092
2024-11-06,0.0118142977226
2024-11-07,0.00767376975363
2024-11-08,0.00331289304954
2024-11-11,-0.000292458337603
2024-11-12,-0.00415698453751
2024-11-13,0.000217039934208
2024-11-14,-0.00408682492679
2024-11-15,-0.00776469500145
2024-11-18,0.00284696577987
2024-11-19,0.00278161493006
2024-11-20,-0.00019496398752
2024-11-21,0.00306255178008
2024-11-22,0.00216820660178
2024-11-25,0.00557891633191
2024-11-26,0.00258217304053
2024-11-27,-0.000780232014488
2024-11-29,0.00532576378413
2024-12-02,0.00112986820665
2024-12-03,-0.000490177182684
2024-12-04,0.00502408175874
2024-12-05,-0.000909002399251
2024-12-06,0.00226734399569
2024-12-09,-0.00425892107318
2024-12-10,-0.00235020963437
2024-12-11,0.00370446854919
2024-12-12,-0.00471496740765
2024-12-13,-0.00161861879583
2024-12-16,0.0029382795668
2024-12-17,-0.00248610195279
2024-12-18,-0.0209822691872
2024-12-19,-0.0012224554044
2024-12-20,0.00825909764625
2024-12-23,0.00235339423556
2024-12-24,0.00714361791419
2024-12-26,0.000326459665446
2024-12-27,-0.00717721185691
2024-12-30,-0.00530672973396
2024-12-31,-0.00267384069745
2025-01-02,-0.00143017907657
2025-01-03,0.00708919511764
2025-01-06,0.00306520151432
2025-01-07,-0.00822632676703
2025-01-08,0.0013340985727
2025-01-10,-0.0114286819401
2025-01-13,0.000556665155676
2025-01-14,0.000952165637181
2025-01-15,0.0143915775808
2025-01-16,-0.000301084109617
2025-01-17,0.00605240213328
2025-01-21,0.00684334528072
2025-01-22,0.00247943352142
2025-01-23,0.00267569411859
2025-01-24,-0.00113740564111
2025-01-27,-0.00644025058967
2025-01-28,0.00507149802797
2025-01-29,-0.00296110929254
2025-01-30,0.00381688185621
2025-01-31,-0.00403410880831
2025-02-03,-0.00370649307974
2025-02-04,0.00476605015748
2025-02-05,0.00456775695858
2025-02-06,0.00168040763277
2025-02-07,-0.00677190008672
2025-02-10,0.00420111326461
2025-02-11,-0.000440216234406
2025-02-12,-0.00402472109089
2025-02-13,0.00874713624075
2025-02-14,0.00143357634479
2025-02-18,0.000188551287672
2025-02-19,0.00199315529923
2025-02-20,-0.00191076100725
2025-02-21,-0.00862549608595
2025-02-24,-0.00202899941553
2025-02-25,-0.000468224019142
2025-02-26,0.000956649987355
2025-02-27,-0.0101013057496
2025-02-28,0.0110419566723
2025-03-03,-0.00952924079681
2025-03-04,-0.00811059918895
2025-03-05,0.00504175728495
2025-03-06,-0.0110755989729
2025-03-07,0.00285557610659
2025-03-10,-0.014029635326
2025-03-11,-0.00636177020779
2025-03-12,0.00192259020414
2025-03-13,-0.00664321017721
2025-03-14,0.0113067706715
2025-03-17,0.00511334102956
2025-03-18,-0.00601789529923
2025-03-19,0.00764847514331
2025-03-20,-0.00147093707694
2025-03-21,-0.000298255261806
2025-03-24,0.00906326250827
2025-03-25,0.00180624836171
2025-03-26,-0.00812869543927
2025-03-27,-0.00178980851708
2025-03-28,-0.00966148785149
2025-03-31,0.00474905957177
2025-04-01,0.00317407169456
2025-04-02,0.00335243672599
2025-04-03,-0.0275613259076
2025-04-04,-0.0340702696188
2025-04-07,-0.00642525836504
2025-04-08,-0.0112249454767
2025-04-09,0.0611917936576
2025-04-10,-0.0293369869266
2025-04-11,0.0100731516042
2025-04-14,0.00814306165645
2025-04-15,-0.000830730549432
2025-04-16,-0.0118804061881
2025-04-17,-0.000217283594383
2025-04-21,-0.0164679419293
2025-04-22,0.0159387904173
2025-04-23,0.0101356203562
2025-04-24,0.0147138346567
2025-04-25,0.00578526889032
2025-04-28,0.00133255650518
2025-04-29,0.00473459999095
2025-04-30,-0.000129462687743
2025-05-01,0.00313279828928
2025-05-02,0.00695586596297
2025-05-05,-0.00415360771347
2025-05-06,-0.00407362275415
2025-05-07,0.00313852465277
2025-05-08,0.00212409995721
2025-05-09,-0.000365513745163
2025-05-12,0.0186291320263
2025-05-13,0.00364861399802
2025-05-14,-0.00032367120542
2025-05-15,0.00518533269479
2025-05-16,0.0041336980668
2025-05-19,0.000556898488026
2025-05-20,-0.00274139652786
2025-05-21,-0.0129078848137
2025-05-22,0.00135830539791
2025-05-23,-0.00363059090724
2025-05-27,0.0144725011697
2025-05-28,-0.00426889700456
2025-05-29,0.00384885327273
2025-05-30,0.000258288669365
2025-06-02,0.00242542737989
2025-06-03,0.00313457303563
2025-06-04,0.00220992764205
2025-06-05,-0.00391986279097
2025-06-06,0.00410839203827
2025-06-09,0.00103300358442
2025-06-10,0.00431592700371
2025-06-11,-0.000383408754585
2025-06-12,0.00385547248476
2025-06-13,-0.00815108428837
2025-06-16,0.00489939988371
2025-06-17,-0.00393927212393
2025-06-18,0.000194653863326
2025-06-20,-0.00104360715289
2025-06-23,0.00673811887248
2025-06-24,0.00826455283691
2025-06-25,0.000297689407747
2025-06-26,0.00580405684608
2025-06-27,0.0018859892907
2025-06-30,0.00449275882828
2025-07-01,-0.00056508068805
2025-07-02,0.00223423649239
2025-07-03,0.00393167243877
2025-07-07,-0.00590757273312
2025-07-08,-0.000492139139318
2025-07-09,0.00527524566136
2025-07-10,0.00158022339438
2025-07-11,-0.00377216596805
2025-07-14,0.00111231020014
2025-07-15,-0.00375326225332
2025-07-16,0.00258698645697
2025-07-17,0.00386227699626
2025-07-18,0.000280015165862
2025-07-21,0.00223384952794
2025-07-22,0.000848965194676
2025-07-23,0.0042638343603
2025-07-24,-3.84583652244e-05
2025-07-25,0.0032055140766
2025-07-28,-0.000670036705967
2025-07-29,0.000505420356035
2025-07-30,-0.00187824658064
2025-07-31,-0.00207736335417
2025-08-01,-0.00652392421907
2025-08-04,0.00944259660242
2025-08-05,-0.00293938753119
2025-08-06,0.00445165809819
2025-08-07,-0.000825158433592
2025-08-08,0.00395112901787
2025-08-11,-0.000920424700592
2025-08-12,0.00644847764834
2025-08-13,0.00350650876952
2025-08-14,-0.00104743400375
2025-08-15,-0.00201764078483
2025-08-18,-0.000567494746891
2025-08-19,-0.00255161256725
2025-08-20,-0.00137513365978
2025-08-21,-0.00334637415662
2025-08-22,0.0114980897831
2025-08-25,-0.00326819357288
2025-08-26,0.00301838523308
2025-08-27,0.00178032001155
2025-08-28,0.00262740547867
2025-08-29,-0.00414308661787
2025-09-02,-0.00555233399898
2025-09-03,0.00470813071528
2025-09-04,0.0066286438221
2025-09-05,0.000138076165727
2025-09-08,0.00283301370306
2025-09-09,0.000588056501568
2025-09-10,0.00253302251837
2025-09-11,0.00574704345462
2025-09-12,-0.000557290955909
2025-09-15,0.00387906757191
2025-09-16,-0.000672806529913
2025-09-17,-0.00145867364933
2025-09-18,0.00171143193691
2025-09-19,0.00299490158428
2025-09-22,0.00239458794909
2025-09-23,-0.00267824952331
2025-09-24,-0.0026736899993
2025-09-25,-0.00334422931542
2025-09-26,0.00374002715428
2025-09-29,0.00245095772177
2025-09-30,0.00224309764729
2025-10-01,0.00306411669608
2025-10-02,0.00113025012521
2025-10-03,-0.000447565571076
2025-10-06,0.00127480806772
2025-10-07,-0.00155306713974
2025-10-08,0.00361983316404
2025-10-09,-0.00222056118729
2025-10-10,-0.0146191474113
2025-10-13,0.00987954115313
2025-10-14,-8.84837022632e-05
2025-10-15,0.00248715593773
2025-10-16,-0.00263062111662
2025-10-17,0.00281639482506
2025-10-20,0.00688489532041
2025-10-21,0.000387830907473
2025-10-22,-0.0031512827086
2025-10-23,0.00282569817197
2025-10-24,0.00529319896874
2025-10-27,0.00736495935748
2025-10-28,0.00183778948221
2025-10-29,-0.00158685935848
2025-10-30,-0.00740066317283
2025-10-31,0.00174144580799
2025-11-03,0.000642566719936
2025-11-04,-0.00691229246829
2025-11-05,0.000982497162507
2025-11-06,-0.00493406904416
2025-11-07,0.000424230379286
2025-11-10,0.00912838838162
2025-11-11,0.00257225909969
2025-11-12,0.000173595956685
2025-11-13,-0.0111407917229
2025-11-14,-0.00058198373475
2025-11-17,-0.00547330059537
2025-11-18,-0.00474343535284
2025-11-19,0.00228581729444
2025-11-20,-0.00854432384477
2025-11-21,0.00684864755002
2025-11-24,0.00950589206077
2025-11-25,0.0062285768603
2025-11-26,0.00475224587344
2025-11-28,0.00269727616598
2025-12-01,-0.00446809644884
2025-12-02,0.00163101660102
2025-12-03,0.0028364292231
2025-12-04,-0.000516107733913
2025-12-05,0.000704066455566
2025-12-08,-0.00244509017683
2025-12-09,-0.000878258045333
2025-12-10,0.00526772731976
2025-12-11,0.00148141895029
2025-12-12,-0.007712537398
2025-12-15,-0.000508506909084
2025-12-16,-0.000881225059257
2025-12-17,-0.00671569340371
2025-12-18,0.00551410287411
2025-12-19,0.00483322302034
2025-12-22,0.0035813737613
2025-12-23,0.00275195809398
2025-12-24,0.00299665497017
2025-12-26,1.80425355865e-05
2025-12-29,-0.00167489535084
2025-12-30,-0.000894341418031
2025-12-31,-0.00541491199844
