,peak,trough,recovery,depth,duration_days,recovered
0,2021-12-27,2022-10-14,2024-02-07,-0.219308884005,772,True
1,2020-02-19,2020-03-23,2020-07-21,-0.212542925415,153,True
2,2018-01-26,2018-12-24,2019-04-05,-0.116548599022,434,True
3,2025-02-19,2025-04-08,2025-05-13,-0.112598126554,83,True
4,2015-04-28,2016-01-20,2016-06-08,-0.0964848968653,407,True
5,2020-09-02,2020-09-23,2020-11-11,-0.0538942127955,70,True
6,2024-07-16,2024-08-05,2024-08-19,-0.052297442408,34,True
7,2016-09-07,2016-12-01,2017-02-10,-0.0434567790385,156,True
8,2021-09-03,2021-10-04,2021-11-01,-0.0406110317595,59,True
9,2024-12-11,2025-01-13,2025-01-30,-0.0387440713601,50,True
10,2021-02-12,2021-03-04,2021-04-05,-0.0377347033102,52,True
11,2025-11-12,2025-11-20,2025-12-05,-0.0354937790176,23,True
12,2024-04-09,2024-04-19,2024-05-09,-0.0344610902088,30,True
13,2021-11-08,2021-12-01,2021-12-27,-0.0329145371236,49,True
14,2019-07-24,2019-08-05,2019-09-04,-0.0278892437561,42,True
15,2021-05-07,2021-05-12,2021-05-26,-0.0278598625288,19,True
16,2015-02-25,2015-03-10,2015-03-20,-0.0277630797062,23,True
17,2019-05-03,2019-05-29,2019-06-13,-0.0274182344565,41,True
18,2021-01-21,2021-01-29,2021-02-08,-0.0250382286493,18,True
19,2024-08-23,2024-09-06,2024-09-13,-0.0242977481176,21,True
20,2016-06-23,2016-06-27,2016-06-30,-0.0241329497452,7,True
21,2024-11-07,2024-11-15,2024-11-29,-0.0224148842617,22,True
22,2024-10-18,2024-10-31,2024-11-07,-0.0215236492805,20,True
23,2021-06-10,2021-06-18,2021-07-02,-0.0212506792751,22,True
24,2025-10-08,2025-10-10,2025-10-16,-0.0210525566569,8,True
25,2019-09-23,2019-10-02,2019-10-17,-0.0191323736695,24,True
26,2025-10-20,2025-11-06,2025-11-11,-0.0181519957428,22,True
27,2025-07-23,2025-08-01,2025-08-08,-0.01712188463,16,True
28,2024-05-21,2024-05-30,2024-06-05,-0.0170249117663,15,True
29,2021-07-14,2021-07-19,2021-07-23,-0.0165045144059,9,True
30,2016-06-08,2016-06-14,2016-06-23,-0.0156837757275,15,True
31,2017-03-01,2017-03-09,2017-03-29,-0.0156722696108,28,True
32,2020-01-17,2020-01-31,2020-02-06,-0.0156676200228,20,True
33,2025-12-26,2025-12-31,,-0.0142901357079,5,False
34,2017-06-02,2017-07-06,2017-07-14,-0.0142213862522,42,True
35,2024-02-12,2024-02-13,2024-02-15,-0.013815550096,3,True
36,2025-12-11,2025-12-17,2025-12-22,-0.0130651225364,11,True
37,2015-02-05,2015-02-09,2015-02-24,-0.0124695531334,19,True
38,2020-08-06,2020-08-11,2020-08-18,-0.0121524530227,12,True
39,2021-08-16,2021-08-19,2021-08-24,-0.0121478653137,8,True
40,2025-06-12,2025-06-20,2025-06-24,-0.0118317844331,12,True
41,2015-03-23,2015-03-26,2015-04-06,-0.0118032032427,14,True
42,2015-01-22,2015-01-30,2015-02-05,-0.0113130580058,14,True
43,2024-09-26,2024-10-07,2024-10-14,-0.0111967560202,18,True
44,2025-05-20,2025-05-22,2025-05-27,-0.0109376424157,7,True
45,2024-03-28,2024-04-04,2024-04-09,-0.010495646962,12,True
46,2016-08-18,2016-08-31,2016-09-06,-0.0104182392952,19,True
47,2025-09-22,2025-09-25,2025-09-30,-0.00946714157506,8,True
48,2020-12-17,2020-12-22,2020-12-28,-0.00938494438923,11,True
49,2024-03-12,2024-03-15,2024-03-20,-0.00934350864037,8,True
50,2025-08-13,2025-08-21,2025-08-22,-0.00907908161277,9,True
51,2017-10-13,2017-10-26,2017-11-02,-0.00904414667288,20,True
52,2025-01-30,2025-02-03,2025-02-05,-0.00881813378578,6,True
53,2020-11-16,2020-11-18,2020-11-24,-0.00880234929504,8,True
54,2020-12-08,2020-12-14,2020-12-15,-0.00863324814547,7,True
55,2017-11-08,2017-11-15,2017-11-21,-0.00858019862273,13,True
56,2015-01-02,2015-01-06,2015-01-08,-0.00849443762816,6,True
57,2019-11-27,2019-12-03,2019-12-12,-0.00847779077783,15,True
58,2021-01-08,2021-01-15,2021-01-20,-0.00844952664954,12,True
59,2017-08-01,2017-08-10,2017-08-28,-0.00844116744614,27,True
60,2024-06-06,2024-06-07,2024-06-12,-0.00843023234718,6,True
61,2019-06-20,2019-06-26,2019-07-01,-0.00839035018464,11,True
62,2019-07-03,2019-07-08,2019-07-24,-0.00794763830846,21,True
63,2021-04-16,2021-04-20,2021-04-23,-0.00764936971039,7,True
64,2020-08-18,2020-08-19,2020-08-24,-0.00755406511283,6,True
65,2020-07-22,2020-07-24,2020-07-27,-0.00734949237658,5,True
66,2025-07-03,2025-07-08,2025-07-17,-0.0071398661353,14,True
67,2021-04-29,2021-05-04,2021-05-06,-0.00712481032955,7,True
68,2024-08-21,2024-08-22,2024-08-23,-0.00708748279834,2,True
69,2019-04-30,2019-05-02,2019-05-03,-0.00663138558326,3,True
70,2020-11-27,2020-11-30,2020-12-01,-0.00654855376227,4,True
71,2017-09-12,2017-09-27,2017-10-04,-0.00647776993992,22,True
72,2021-07-07,2021-07-08,2021-07-09,-0.00631039072482,2,True
73,2017-11-28,2017-12-06,2017-12-13,-0.00629631368864,15,True
74,2021-08-05,2021-08-09,2021-08-13,-0.00613509728726,8,True
75,2025-02-06,2025-02-07,2025-02-10,-0.00608443664632,4,True
76,2016-07-29,2016-08-02,2016-08-09,-0.00599901383307,11,True
77,2019-11-04,2019-11-11,2019-11-15,-0.005957163256,11,True
78,2025-08-28,2025-09-02,2025-09-04,-0.00569544008947,7,True
79,2015-04-16,2015-04-17,2015-04-23,-0.00552576213313,7,True
80,2021-06-02,2021-06-03,2021-06-04,-0.00549421227324,2,True
81,2017-12-18,2017-12-20,2017-12-27,-0.00531130088079,9,True
82,2024-09-16,2024-09-18,2024-09-19,-0.00509600490627,3,True
83,2025-05-27,2025-05-28,2025-06-02,-0.00497413978338,6,True
84,2024-10-14,2024-10-15,2024-10-18,-0.00485176621479,4,True
85,2025-08-22,2025-08-25,2025-08-28,-0.00484831356713,6,True
86,2020-11-11,2020-11-12,2020-11-13,-0.0047586765265,2,True
87,2024-06-18,2024-06-26,2024-07-02,-0.00465182461446,14,True
88,2017-05-16,2017-05-17,2017-05-19,-0.00460990232467,3,True
89,2024-03-21,2024-03-26,2024-03-27,-0.00447638459174,6,True
90,2017-05-02,2017-05-04,2017-05-15,-0.00444280413132,13,True
91,2020-07-29,2020-07-30,2020-08-03,-0.00440723016675,5,True
92,2019-09-06,2019-09-10,2019-09-12,-0.00437544087372,6,True
93,2024-02-15,2024-02-20,2024-02-22,-0.00420939426253,7,True
94,2024-03-04,2024-03-05,2024-03-06,-0.00415887015173,2,True
95,2024-12-06,2024-12-10,2024-12-11,-0.0040886056657,5,True
96,2019-11-19,2019-11-21,2019-11-25,-0.00403143471729,6,True
97,2021-08-24,2021-08-26,2021-08-27,-0.00380650763923,3,True
98,2017-04-17,2017-04-19,2017-04-20,-0.00360910539364,3,True
99,2019-04-12,2019-04-17,2019-04-23,-0.00359691756257,11,True
100,2020-12-31,2021-01-04,2021-01-05,-0.00358378526351,5,True
101,2024-09-24,2024-09-25,2024-09-26,-0.00349903347685,2,True
102,2021-07-29,2021-07-30,2021-08-03,-0.00346658324651,5,True
103,2025-08-08,2025-08-11,2025-08-12,-0.00343021934166,4,True
104,2025-06-04,2025-06-05,2025-06-09,-0.0033713116916,5,True
105,2021-07-12,2021-07-13,2021-07-14,-0.00332220693634,2,True
106,2024-02-23,2024-02-26,2024-02-29,-0.00320578901511,6,True
107,2019-12-27,2019-12-30,2020-01-02,-0.00319999043652,6,True
108,2024-03-07,2024-03-11,2024-03-12,-0.00316629275586,5,True
109,2016-07-01,2016-07-05,2016-07-08,-0.00313357191568,7,True
110,2025-05-13,2025-05-14,2025-05-15,-0.00311558021728,2,True
111,2025-12-05,2025-12-09,2025-12-10,-0.0030561967583,5,True
112,2019-09-12,2019-09-16,2019-09-19,-0.00296659944731,7,True
113,2015-01-08,2015-01-14,2015-01-15,-0.00290795013133,7,True
114,2016-07-14,2016-07-15,2016-07-22,-0.00282136461432,8,True
115,2015-04-10,2015-04-13,2015-04-15,-0.00278795511904,5,True
116,2020-02-06,2020-02-07,2020-02-10,-0.00276671992883,4,True
117,2020-08-28,2020-08-31,2020-09-01,-0.00275514914414,4,True
118,2020-01-02,2020-01-03,2020-01-09,-0.0027501288113,7,True
119,2016-07-22,2016-07-25,2016-07-27,-0.00267559491155,5,True
120,2016-08-15,2016-08-16,2016-08-18,-0.00266115794138,3,True
121,2017-12-13,2017-12-14,2017-12-15,-0.00265074912371,2,True
122,2018-01-08,2018-01-10,2018-01-11,-0.00263626593012,3,True
123,2017-02-24,2017-02-28,2017-03-01,-0.00261667477374,5,True
124,2021-08-03,2021-08-04,2021-08-05,-0.00261397488208,2,True
125,2019-04-10,2019-04-11,2019-04-12,-0.00258942961408,2,True
126,2025-09-15,2025-09-17,2025-09-19,-0.00258404226042,4,True
127,2025-02-11,2025-02-12,2025-02-13,-0.00250922604856,2,True
128,2020-08-26,2020-08-27,2020-08-28,-0.00245275438271,2,True
129,2017-04-12,2017-04-13,2017-04-17,-0.00237536224359,5,True
130,2021-07-26,2021-07-27,2021-07-29,-0.00237036143779,3,True
131,2019-04-08,2019-04-09,2019-04-10,-0.002356919196,2,True
132,2024-05-15,2024-05-16,2024-05-17,-0.00233608248494,2,True
133,2018-01-17,2018-01-18,2018-01-19,-0.00233484253181,2,True
134,2025-10-06,2025-10-07,2025-10-08,-0.00228881751329,2,True
135,2015-04-06,2015-04-07,2015-04-08,-0.00206563414158,2,True
136,2019-06-13,2019-06-14,2019-06-18,-0.00200683259632,5,True
137,2021-04-13,2021-04-14,2021-04-15,-0.0018431995336,2,True
138,2019-04-23,2019-04-25,2019-04-26,-0.00180577172462,3,True
139,2017-04-04,2017-04-07,2017-04-11,-0.00168068495534,7,True
140,2017-07-26,2017-07-27,2017-08-01,-0.00161553340729,6,True
141,2017-03-29,2017-03-31,2017-04-03,-0.00153126873073,5,True
142,2017-11-24,2017-11-27,2017-11-28,-0.00152008602679,4,True
143,2021-04-26,2021-04-27,2021-04-29,-0.00134741460265,3,True
144,2019-10-17,2019-10-18,2019-10-21,-0.00130664111058,4,True
145,2017-09-01,2017-09-05,2017-09-06,-0.001293914365,5,True
146,2021-04-09,2021-04-12,2021-04-13,-0.00128813259078,4,True
147,2020-07-27,2020-07-28,2020-07-29,-0.00125304054343,2,True
148,2018-01-12,2018-01-16,2018-01-17,-0.00124518212985,5,True
149,2017-07-21,2017-07-25,2017-07-26,-0.00121622945615,5,True
150,2024-09-19,2024-09-20,2024-09-23,-0.00111370959712,4,True
151,2017-09-07,2017-09-08,2017-09-11,-0.00110790554862,4,True
152,2024-07-05,2024-07-08,2024-07-10,-0.00109205469928,5,True
153,2020-11-24,2020-11-25,2020-11-27,-0.00106885215333,3,True
154,2025-09-11,2025-09-12,2025-09-15,-0.000999472787707,4,True
155,2025-02-13,2025-02-14,2025-02-18,-0.000920789922457,5,True
156,2017-10-05,2017-10-06,2017-10-10,-0.000903003028415,5,True
157,2017-11-06,2017-11-07,2017-11-08,-0.000890235178601,2,True
158,2017-04-20,2017-04-21,2017-04-24,-0.000886459102264,4,True
159,2024-12-04,2024-12-05,2024-12-06,-0.000880754004418,2,True
160,2019-10-21,2019-10-22,2019-10-23,-0.000856623457286,2,True
161,2025-06-24,2025-06-25,2025-06-26,-0.000843390089151,2,True
162,2021-06-08,2021-06-09,2021-06-10,-0.000834325604802,2,True
163,2020-02-12,2020-02-13,2020-02-14,-0.00082420782235,2,True
164,2021-07-02,2021-07-06,2021-07-07,-0.000780946370326,5,True
165,2017-05-22,2017-05-23,2017-05-24,-0.00067520328558,2,True
166,2018-01-24,2018-01-25,2018-01-26,-0.000624417821578,2,True
167,2019-12-16,2019-12-18,2019-12-19,-0.000606218224154,3,True
168,2020-01-13,2020-01-14,2020-01-15,-0.000597729712234,2,True
169,2024-06-12,2024-06-13,2024-06-14,-0.000571964400467,2,True
170,2024-02-07,2024-02-08,2024-02-09,-0.000562578055753,2,True
171,2015-04-08,2015-04-09,2015-04-10,-0.000561644766505,2,True
172,2017-05-26,2017-05-30,2017-06-01,-0.000558447438948,6,True
173,2020-02-14,2020-02-18,2020-02-19,-0.000556573784916,5,True
174,2024-05-10,2024-05-13,2024-05-14,-0.000544415895035,4,True
175,2017-04-25,2017-04-28,2017-05-02,-0.000508128482752,7,True
176,2024-08-19,2024-08-20,2024-08-21,-0.000506232198974,2,True
177,2019-10-28,2019-10-29,2019-10-30,-0.000489351066982,2,True
178,2021-04-06,2021-04-07,2021-04-08,-0.000434642618361,2,True
179,2019-04-26,2019-04-29,2019-04-30,-0.000406521131335,4,True
180,2024-11-29,2024-12-02,2024-12-03,-0.000318540185147,4,True
181,2025-06-10,2025-06-11,2025-06-12,-0.000195153208973,2,True
182,2020-12-04,2020-12-07,2020-12-08,-0.000152563706374,4,True
183,2021-08-30,2021-08-31,2021-09-01,-0.000140633522329,2,True
184,2017-08-28,2017-08-29,2017-08-30,-0.00010683735421,2,True
185,2024-07-12,2024-07-15,2024-07-16,-9.11025970854e-05,4,True
186,2025-10-16,2025-10-17,2025-10-20,-7.63645710788e-06,4,True
