Date,Buy & hold
2015-01-05,-0.00669106192443
2015-01-06,-0.00181552348379
2015-01-07,0.00652714137526
2015-01-08,0.00729725210742
2015-01-09,-0.00105443118972
2015-01-12,-0.000905569888988
2015-01-13,-0.000123082439799
2015-01-14,-0.000827785955409
2015-01-15,0.00321384742907
2015-01-16,0.00593387427653
2015-01-20,0.00284654483373
2015-01-21,0.00263434325189
2015-01-22,0.00740496704474
2015-01-23,-0.00250782478056
2015-01-26,0.00170973917551
2015-01-27,-0.00260821104139
2015-01-28,-0.0057084220355
2015-01-29,0.00206042426272
2015-01-30,-0.00428753298397
2015-02-02,0.00521139530918
2015-02-03,0.00464388723176
2015-02-04,-0.00173764399214
2015-02-05,0.00473263528307
2015-02-06,-0.0103301443222
2015-02-09,-0.00216173989625
2015-02-10,0.00327524136193
2015-02-11,-0.0024479847294
2015-02-12,0.00722499372742
2015-02-13,0.00238810808441
2015-02-17,-0.00289357238792
2015-02-18,0.00310919932266
2015-02-19,-0.00217771742279
2015-02-20,0.00351869653602
2015-02-23,0.00026866358806
2015-02-24,0.00315776370094
2015-02-25,0.000428482309667
2015-02-26,-0.00236317271043
2015-02-27,0.000718543271431
2015-03-02,-0.000208483785524
2015-03-03,-0.00325795052394
2015-03-04,-0.00311647230082
2015-03-05,0.000842604750418
2015-03-06,-0.0143394926072
2015-03-09,0.00249578744861
2015-03-10,-0.00876792855008
2015-03-11,0.00020659197337
2015-03-12,0.00695609668854
2015-03-13,-0.00396659083636
2015-03-16,0.00762877554453
2015-03-17,-0.00106071378171
2015-03-18,0.0144034738565
2015-03-19,-0.00543960847345
2015-03-20,0.0101565788493
2015-03-23,0.000987146271696
2015-03-24,-0.000768797986423
2015-03-25,-0.00763304993154
2015-03-26,-0.00343607279538
2015-03-27,0.00154158549764
2015-03-30,0.00426967843901
2015-03-31,-0.00468422248647
2015-04-01,0.00382922278656
2015-04-02,0.00239728568198
2015-04-06,0.00631131237815
2015-04-07,-0.00206563414158
2015-04-08,0.00212815196332
2015-04-09,-0.000561644766505
2015-04-10,0.00281328135783
2015-04-13,-0.00278795511904
2015-04-14,0.00212650191921
2015-04-15,0.00332636712439
2015-04-16,0.000597281993684
2015-04-17,-0.00552576213313
2015-04-20,0.00166535716836
2015-04-21,0.00145969680717
2015-04-22,-0.00016268252124
2015-04-23,0.00326996225301
2015-04-24,0.00147338169862
2015-04-27,0.00138554688489
2015-04-28,0.000607682378739
2015-04-29,-0.00577557943769
2015-04-30,-0.00776883554233
2015-05-01,0.00362868857634
2015-05-04,0.00142927010042
2015-05-05,-0.00755268199315
2015-05-06,-0.00326495612464
2015-05-07,0.00150383181113
2015-05-08,0.0105834742003
2015-05-11,-0.00709437999829
2015-05-12,2.64574284012e-05
2015-05-13,0.00243554840422
2015-05-14,0.00772121678038
2015-05-15,0.00367767066216
2015-05-18,-0.00190531800248
2015-05-19,-0.00345370657771
2015-05-20,0.000779303472549
2015-05-21,0.00240618352945
2015-05-22,-0.00206710844731
2015-05-26,-0.00743854751799
2015-05-27,0.00488479723563
2015-05-28,-0.0014277363366
2015-05-29,-0.00419313422088
2015-06-01,-0.000595333071277
2015-06-02,-0.00126167332872
2015-06-03,-0.00179581730923
2015-06-04,-0.00495598046406
2015-06-05,-0.0052646980044
2015-06-08,-0.0013528316845
2015-06-09,-0.00243262026174
2015-06-10,0.00782020766141
2015-06-11,0.00311392387424
2015-06-12,-0.00393217823299
2015-06-15,-0.00203907864463
2015-06-16,0.0027222775923
2015-06-17,0.00136339285726
2015-06-18,0.00680094564948
2015-06-19,-0.00146857405927
2015-06-22,0.00123848779289
2015-06-23,-0.000607267507068
2015-06-24,-0.00363901903174
2015-06-25,-0.00224934071731
2015-06-26,-0.00140082767558
2015-06-29,-0.0100411403299
2015-06-30,-4.61994743353e-05
2015-07-01,0.00267668969153
2015-07-02,0.00112217520336
2015-07-06,-0.00343268631381
2015-07-07,0.00138978366564
2015-07-08,-0.00970152213411
2015-07-09,0.00228807211526
2015-07-10,0.00868707971055
2015-07-13,0.00324400127734
2015-07-14,0.00315727962025
2015-07-15,-0.000743916762318
2015-07-16,0.00461563457021
2015-07-17,-0.00110215341447
2015-07-20,-0.00294164364931
2015-07-21,-0.0013521185107
2015-07-22,-0.00262268886598
2015-07-23,-0.00262405163585
2015-07-24,-0.00451602909516
2015-07-27,-0.00352404587361
2015-07-28,0.00573556451393
2015-07-29,0.00324316193259
2015-07-30,-0.00112751351216
2015-07-31,0.00320309144765
2015-08-03,-0.00225964515011
2015-08-04,-0.00183014565992
2015-08-05,0.000348915472293
2015-08-06,-0.0024338022349
2015-08-07,0.000485050711731
2015-08-10,0.00664519513484
2015-08-11,-0.00405411317358
2015-08-12,-0.000243473143113
2015-08-13,-0.00203645760068
2015-08-14,0.0015384040704
2015-08-17,0.00207130462658
2015-08-18,-0.00318089600238
2015-08-19,-0.00197528484222
2015-08-20,-0.00890723880473
2015-08-21,-0.0139279842714
2015-08-24,-0.0226925176178
2015-08-25,-0.0050853005269
2015-08-26,0.0145162392722
2015-08-27,0.0125768584039
2015-08-28,-0.000286744701177
2015-08-31,-0.00500749440328
2015-09-01,-0.015279661727
2015-09-02,0.00782707677008
2015-09-03,0.000603639013851
2015-09-04,-0.00965212204871
2015-09-08,0.0127915064186
2015-09-09,-0.00638119646322
2015-09-10,0.00282678279969
2015-09-11,0.00282984948153
2015-09-14,-0.00209050072259
2015-09-15,0.00338648984879
2015-09-16,0.00741424378735
2015-09-17,0.00344496575013
2015-09-18,-0.00825764202239
2015-09-21,-2.05044500877e-05
2015-09-22,-0.0084557171669
2015-09-23,-0.00148932805539
2015-09-24,0.000373496053994
2015-09-25,-0.000116996879315
2015-09-28,-0.0121952105815
2015-09-29,0.00117666910586
2015-09-30,0.00921321747469
2015-10-01,0.00188688746198
2015-10-02,0.0118756249524
2015-10-05,0.00829853728847
2015-10-06,0.000740471470452
2015-10-07,0.00536996238214
2015-10-08,0.00391026517209
2015-10-09,0.00174882901165
2015-10-12,0.00142229975087
2015-10-13,-0.00435725256511
2015-10-14,0.00200647361414
2015-10-15,0.00789515969322
2015-10-16,0.00067188924319
2015-10-19,-0.00062014285136
2015-10-20,-0.00122199733505
2015-10-21,-0.00285070429016
2015-10-22,0.00858320217343
2015-10-23,0.00337145551828
2015-10-26,-0.00156303304735
2015-10-27,-0.00152069273414
2015-10-28,0.00167739235975
2015-10-29,-0.00439252306982
2015-10-30,-0.0014535656615
2015-11-02,0.00569482986438
2015-11-03,-0.00115604185554
2015-11-04,-0.00346740012027
2015-11-05,-0.000847612388381
2015-11-06,-0.00613985946066
2015-11-09,-0.00649466157908
2015-11-10,0.00146109616386
2015-11-11,-0.000997232971943
2015-11-12,-0.00670191141911
2015-11-13,-0.00520159679131
2015-11-16,0.00839806112713
2015-11-17,-0.00107347490376
2015-11-18,0.00709538055245
2015-11-19,0.00251696228683
2015-11-20,0.00116731636291
2015-11-23,-0.00204013749105
2015-11-24,0.00140402473665
2015-11-25,-0.0002484992406
2015-11-27,-0.00122379043542
2015-11-30,-0.00112060040069
2015-12-01,0.00732252942002
2015-12-02,-0.00832835590928
2015-12-03,-0.0079119970039
2015-12-04,0.0113908662595
2015-12-07,-0.0044832951755
2015-12-08,-0.00468303426414
2015-12-09,-0.00344535641388
2015-12-10,-0.000480858126402
2015-12-11,-0.00801990559387
2015-12-14,-0.00048287564931
2015-12-15,0.00445952601487
2015-12-16,0.00961191800964
2015-12-17,-0.00824219155636
2015-12-18,-0.00561271661828
2015-12-21,0.00474571240821
2015-12-22,0.00344139861059
2015-12-23,0.00697050238676
2015-12-24,-3.10340979641e-05
2015-12-28,-0.00175670678392
2015-12-29,0.00412227874429
2015-12-30,-0.00455787869894
2015-12-31,-0.00469764624325
2016-01-04,-0.00660551575645
2016-01-05,0.00171830479222
2016-01-06,-0.0046179767236
2016-01-07,-0.0109465150987
2016-01-08,-0.00581428644128
2016-01-11,-0.00101688426541
2016-01-12,0.00340812979421
2016-01-13,-0.0094052993319
2016-01-14,0.00505127030937
2016-01-15,-0.0118605345736
2016-01-19,0.00196143146091
2016-01-20,-0.00727812852329
2016-01-21,0.00242842048141
2016-01-22,0.0124603460903
2016-01-25,-0.0062385037759
2016-01-26,0.00987611218288
2016-01-27,-0.00478579399202
2016-01-28,0.00170901030224
2016-01-29,0.0139439544827
2016-02-01,-0.00033259352769
2016-02-02,-0.00874705469887
2016-02-03,0.00543347355827
2016-02-04,0.0027439085292
2016-02-05,-0.00776240901375
2016-02-08,-0.00546392715679
2016-02-09,-0.00327949111078
2016-02-10,0.00176327816785
2016-02-11,-0.00181993285664
2016-02-12,0.00700456148888
2016-02-16,0.0050582657511
2016-02-17,0.00877074076613
2016-02-18,0.00220982661979
2016-02-19,-0.000842566418068
2016-02-22,0.00564827884261
2016-02-23,-0.00519822036686
2016-02-24,0.00140873026093
2016-02-25,0.00766489088081
2016-02-26,-0.00355214090157
2016-02-29,-0.000930620470745
2016-03-01,0.0110523398412
2016-03-02,0.00384324853268
2016-03-03,0.00569803700322
2016-03-04,0.00202345586185
2016-03-07,0.000216045269275
2016-03-08,-0.00531562724973
2016-03-09,0.00121687264573
2016-03-10,0.0010590165432
2016-03-11,0.00807515664052
2016-03-14,-0.00216004827926
2016-03-15,-0.00290311486521
2016-03-16,0.00902527841327
2016-03-17,0.00509564718906
2016-03-18,0.00123408264652
2016-03-21,-0.00158483864473
2016-03-22,-0.000687310791007
2016-03-23,-0.00589592022314
2016-03-24,-0.00155978312808
2016-03-28,0.00225293149219
2016-03-29,0.00975854473874
2016-03-30,0.00119814798938
2016-03-31,-0.000222589793763
2016-04-01,-0.000276080412772
2016-04-04,-0.00226744845466
2016-04-05,-0.00481825500125
2016-04-06,0.00522958548293
2016-04-07,-0.00429706138989
2016-04-08,0.00390313742355
2016-04-11,0.00126319278403
2016-04-12,0.00508778858874
2016-04-13,0.00503885478829
2016-04-14,-0.00245709532348
2016-04-15,0.0011254019996
2016-04-18,0.00356420199177
2016-04-19,0.00567758216286
2016-04-20,-0.00256168394403
2016-04-21,-0.00402588311388
2016-04-22,-0.00116287242418
2016-04-25,-0.00119034572542
2016-04-26,0.00180310397521
2016-04-27,0.00284423451508
2016-04-28,-0.0023051929705
2016-04-29,-0.000736453355165
2016-05-02,0.00334941882326
2016-05-03,-0.00548061737231
2016-05-04,-0.00360823020023
2016-05-05,0.000805190377091
2016-05-06,0.00232084282996
2016-05-09,-0.00209816648898
2016-05-10,0.00720487263613
2016-05-11,-0.00401899316204
2016-05-12,-0.00111900080728
2016-05-13,-0.0040937833774
2016-05-16,0.005007048402
2016-05-17,-0.00483287128706
2016-05-18,-0.00511208234597
2016-05-19,-0.00309177502462
2016-05-20,0.0041437862968
2016-05-23,-0.00121547457342
2016-05-24,0.00472095004355
2016-05-25,0.00375133884939
2016-05-26,0.00121680974506
2016-05-27,0.000262945551944
2016-05-31,-0.000444029619723
2016-06-01,0.000227052638612
2016-06-02,0.00235120816331
2016-06-03,0.00621902003315
2016-06-06,0.00205008091322
2016-06-07,0.00270169377297
2016-06-08,0.00394979487369
2016-06-09,-0.00176591673428
2016-06-10,-0.00713741632353
2016-06-13,-0.00386813112082
2016-06-14,-0.00299744706121
2016-06-15,0.00316520685589
2016-06-16,0.000171935072536
2016-06-17,0.00101713525955
2016-06-20,0.0041589280499
2016-06-21,-1.83210313968e-05
2016-06-22,-0.000237281528878
2016-06-23,0.00761536201416
2016-06-24,-0.0182744404692
2016-06-27,-0.00596756315365
2016-06-28,0.0105448967026
2016-06-29,0.00906998023983
2016-06-30,0.00807959269122
2016-07-01,0.00400643540595
2016-07-05,-0.00313357191568
2016-07-06,0.00274075307795
2016-07-07,-0.00232090925749
2016-07-08,0.00948660004552
2016-07-11,0.00134076025966
2016-07-12,0.00169261978122
2016-07-13,0.00168485073413
2016-07-14,0.0014910548354
2016-07-15,-0.00282136461432
2016-07-18,0.00181412029837
2016-07-19,-0.000750986910856
2016-07-20,0.000558778265347
2016-07-21,0.000470036568835
2016-07-22,0.00135927966818
2016-07-25,-0.00267559491155
2016-07-26,0.00138875129765
2016-07-27,0.00280523765493
2016-07-28,0.000634995100473
2016-07-29,0.00517798110293
2016-08-01,-0.00202055110694
2016-08-02,-0.00398651768886
2016-08-03,0.000163066109357
2016-08-04,0.00213523658553
2016-08-05,0.000217837636675
2016-08-08,0.00068647676833
2016-08-09,0.0033601607708
2016-08-10,0.000575744428414
2016-08-11,0.000552039010239
2016-08-12,0.00012843383949
2016-08-15,0.00154484953746
2016-08-16,-0.00266115794138
2016-08-17,0.00131806492232
2016-08-18,0.0026375821445
2016-08-19,-0.00392491385397
2016-08-22,0.000271588459391
2016-08-23,0.00112686529402
2016-08-24,-0.00342595334183
2016-08-25,-0.000934434505351
2016-08-26,-0.00351977359864
2016-08-29,0.00426441161963
2016-08-30,-0.00218379465184
2016-08-31,-0.00211227383596
2016-09-01,0.00212529148643
2016-09-02,0.00448412535356
2016-09-06,0.00639729362295
2016-09-07,9.78126348288e-05
2016-09-08,-0.00365225369737
2016-09-09,-0.0163414678267
2016-09-12,0.00661869435954
2016-09-13,-0.0117570904578
2016-09-14,0.00104913649212
2016-09-15,0.00469459556257
2016-09-16,-0.00316513200449
2016-09-19,0.00168959425318
2016-09-20,0.000895114069439
2016-09-21,0.0103840303246
2016-09-22,0.00569983516822
2016-09-23,-0.00332863618568
2016-09-26,-0.00371720695974
2016-09-27,0.00219487320809
2016-09-28,0.0034293288591
2016-09-29,-0.00609881580162
2016-09-30,0.00242214836439
2016-10-03,-0.00244435816604
2016-10-04,-0.00809566094961
2016-10-05,0.00108233219262
2016-10-06,-0.00166339865446
2016-10-07,-0.00201542180073
2016-10-10,0.00275801276999
2016-10-11,-0.00826860573206
2016-10-12,0.000946530048311
2016-10-13,-0.000475083822656
2016-10-14,-0.00108262392305
2016-10-17,-0.000228984190973
2016-10-18,0.00579655673048
2016-10-19,0.00248347576263
2016-10-20,-0.00129436879259
2016-10-21,1.33626335896e-05
2016-10-24,0.000717171029837
2016-10-25,-0.000465173234485
2016-10-26,-0.00356896149348
2016-10-27,-0.00354981809389
2016-10-28,-0.000584558195045
2016-10-31,0.00181220390147
2016-11-01,-0.00350315943666
2016-11-02,-0.00285504782362
2016-11-03,-0.00188612898701
2016-11-04,-0.000707792930998
2016-11-07,0.00849881998813
2016-11-08,0.00103118461255
2016-11-09,-0.00281060690992
2016-11-10,-0.0048794002812
2016-11-11,-0.00535371583471
2016-11-14,-0.00204383638274
2016-11-15,0.00480358802456
2016-11-16,-0.00209331171168
2016-11-17,0.00032954995585
2016-11-18,-0.0039616796467
2016-11-21,0.00468460090882
2016-11-22,0.00270809187709
2016-11-23,-0.00412815664463
2016-11-25,0.00128045635062
2016-11-28,0.000638869704723
2016-11-29,0.00185435883242
2016-11-30,-0.00415818403308
2016-12-01,-0.00414289668926
2016-12-02,0.00260557921249
2016-12-05,0.00341755697222
2016-12-06,0.00253938572629
2016-12-07,0.00902941965178
2016-12-08,0.000482857938046
2016-12-09,-0.000166799389413
2016-12-12,-0.00070862277127
2016-12-13,0.00414058827227
2016-12-14,-0.0111320252535
2016-12-15,-0.00104457775431
2016-12-16,0.000693991488066
2016-12-19,0.00244554842434
2016-12-20,0.00077052781314
2016-12-21,-0.00109748759352
2016-12-22,-0.00158448188557
2016-12-23,0.00164054428864
2016-12-27,0.00115721990333
2016-12-28,-0.0019887156054
2016-12-29,0.00393793951801
2016-12-30,-0.000221111512926
2017-01-03,0.00498100201597
2017-01-04,0.00549915547119
2017-01-05,0.00471042209166
2017-01-06,-0.00157716298992
2017-01-09,-0.000457316319681
2017-01-10,0.000300550768184
2017-01-11,0.00280862154762
2017-01-12,0.000183880303093
2017-01-13,0.000783411254814
2017-01-17,0.00144919415244
2017-01-18,-0.00259910568252
2017-01-19,-0.00310848183
2017-01-20,0.00270435196263
2017-01-23,0.00238381128308
2017-01-24,0.00187072017434
2017-01-25,0.00240475697154
2017-01-26,-0.00165087277668
2017-01-27,-0.000770567556367
2017-01-30,-0.00339706585667
2017-01-31,0.00306295522091
2017-02-01,-0.000713778442537
2017-02-02,0.00188304868972
2017-02-03,0.00374467205765
2017-02-06,0.000521184881631
2017-02-07,-0.000305345731661
2017-02-08,0.00307401143439
2017-02-09,0.000984159994013
2017-02-10,0.0028104888327
2017-02-13,0.00136958881421
2017-02-14,0.000261839363809
2017-02-15,0.00244234979996
2017-02-16,0.00147837923515
2017-02-17,0.000406772940241
2017-02-21,0.00364179990952
2017-02-22,3.23360858696e-05
2017-02-23,0.00227993085575
2017-02-24,0.000749989133235
2017-02-27,-0.000606628651342
2017-02-28,-0.00201126621411
2017-03-01,0.0046579098767
2017-03-02,-0.00607168377246
2017-03-03,0.0014232322781
2017-03-06,-0.00242971452896
2017-03-07,-0.00277092844979
2017-03-08,-0.00435311402185
2017-03-09,-0.00155713143643
2017-03-10,0.00334412539796
2017-03-13,0.000949005583921
2017-03-14,-0.00304257496721
2017-03-15,0.0113778688155
2017-03-16,7.84621877321e-05
2017-03-17,0.000790177287443
2017-03-20,0.000977396616256
2017-03-21,-0.00437602060448
2017-03-22,0.00191700864496
2017-03-23,0.000237516035037
2017-03-24,0.000412949917928
2017-03-27,0.000724264437532
2017-03-28,0.00209435231458
2017-03-29,0.00184760443182
2017-03-30,-0.00113358687011
2017-03-31,-0.000398133179164
2017-04-03,0.00157196638886
2017-04-04,9.5449444538e-05
2017-04-05,-0.00131371187759
2017-04-06,0.000759496887974
2017-04-07,-0.00112609742929
2017-04-10,0.000715601723171
2017-04-11,0.00306601515058
2017-04-12,7.9624182532e-05
2017-04-13,-0.00237536224359
2017-04-17,0.00446513515859
2017-04-18,-0.000415797518767
2017-04-19,-0.00319463619668
2017-04-20,0.00410516703751
2017-04-21,-0.000886459102264
2017-04-24,0.0057013799456
2017-04-25,0.00129644929317
2017-04-26,-0.000286620690842
2017-04-27,0.000133836218127
2017-04-28,-0.000355359956923
2017-05-01,2.01488345244e-05
2017-05-02,0.00162702565519
2017-05-03,-0.0036978954497
2017-05-04,-0.000747673500054
2017-05-05,0.00385875600672
2017-05-08,-0.00239546422222
2017-05-09,-0.000972669554663
2017-05-10,0.00161465199536
2017-05-11,-0.000693655100747
2017-05-12,0.00169820630116
2017-05-15,0.00331430717936
2017-05-16,0.00100772549809
2017-05-17,-0.00460990232467
2017-05-18,0.000150373411919
2017-05-19,0.00553411102952
2017-05-22,0.00233982549974
2017-05-23,-0.00067520328558
2017-05-24,0.00257967651247
2017-05-25,0.0017438583433
2017-05-26,0.00020740464367
2017-05-30,-0.000558447438948
2017-05-31,0.000508753336063
2017-06-01,0.00418925863781
2017-06-02,0.00513633684514
2017-06-05,-0.00159234505737
2017-06-06,0.000151430937062
2017-06-07,-0.000201731429363
2017-06-08,-0.00108349140903
2017-06-09,-0.00218213981683
2017-06-12,-0.000540897984533
2017-06-13,0.00354614691948
2017-06-14,4.78194268227e-06
2017-06-15,-0.00337312750478
2017-06-16,0.00170579484432
2017-06-19,0.00235295903687
2017-06-20,-0.00396531791226
2017-06-21,0.000216774056038
2017-06-22,0.00100841699576
2017-06-23,0.00157483189211
2017-06-26,0.000877481119441
2017-06-27,-0.00453215030591
2017-06-28,0.00482764658864
2017-06-29,-0.00691770702883
2017-06-30,0.000545187833956
2017-07-03,-0.00113948326725
2017-07-05,0.000617876266834
2017-07-06,-0.00612797000418
2017-07-07,0.00152349251162
2017-07-10,0.00085519713241
2017-07-11,0.00109829945435
2017-07-12,0.00671100032811
2017-07-13,0.000752257862136
2017-07-14,0.00470461321645
2017-07-17,0.000521755952514
2017-07-18,0.00200524115401
2017-07-19,0.00345767947369
2017-07-20,0.000422573397296
2017-07-21,0.000481772667457
2017-07-24,-0.000474921135636
2017-07-25,-0.000741660550787
2017-07-26,0.00323752487329
2017-07-27,-0.00161553340729
2017-07-28,0.00113022744509
2017-07-31,0.000282598711496
2017-08-01,0.00275569814711
2017-08-02,-0.000681360798445
2017-08-03,-0.000198694590652
2017-08-04,-0.000211424412036
2017-08-07,0.00104956331893
2017-08-08,-0.00188147104367
2017-08-09,0.00059873990059
2017-08-10,-0.0071240747531
2017-08-11,0.000970328288637
2017-08-14,0.00442630992546
2017-08-15,-0.0017655925024
2017-08-16,0.00361872988229
2017-08-17,-0.00669759016298
2017-08-18,-0.000430652495839
2017-08-21,0.00150592739313
2017-08-22,0.00367503486105
2017-08-23,0.000853276287984
2017-08-24,-0.00176839213699
2017-08-25,0.00307282857381
2017-08-28,0.00129902904928
2017-08-29,-0.00010683735421
2017-08-30,0.00148908865641
2017-08-31,0.00537970120661
2017-09-01,0.000690239117757
2017-09-05,-0.001293914365
2017-09-06,0.00179000883187
2017-09-07,0.00385092446153
2017-09-08,-0.00110790554862
2017-09-11,0.00316413149146
2017-09-12,0.000478561950181
2017-09-13,-0.00220833232677
2017-09-14,0.00144385236842
2017-09-15,0.000534412759444
2017-09-18,-0.000688206141208
2017-09-19,0.000766842040834
2017-09-20,-0.00177152936042
2017-09-21,-0.00214945577132
2017-09-22,0.000605623857665
2017-09-25,-0.000257091135821
2017-09-26,-0.00154524477004
2017-09-27,-0.00121951628669
2017-09-28,0.00141098671364
2017-09-29,0.00187432287889
2017-10-02,0.000576148304188
2017-10-03,0.0023364336782
2017-10-04,0.000624189000741
2017-10-05,0.0016241880555
2017-10-06,-0.000903003028415
2017-10-09,0.000567700850107
2017-10-10,0.00336560154187
2017-10-11,0.00186661075944
2017-10-12,0.000267720509697
2017-10-13,0.00329928418511
2017-10-16,-0.00105144572246
2017-10-17,-0.00112904162787
2017-10-18,-0.000287636024659
2017-10-19,9.07870541909e-05
2017-10-20,-0.000133875927615
2017-10-23,-0.00193285287971
2017-10-24,-0.000253639297082
2017-10-25,-0.00287027313716
2017-10-26,-0.00150890100738
2017-10-27,0.00547436482255
2017-10-30,-0.000251442242641
2017-10-31,0.00104210878361
2017-11-01,0.00167524015399
2017-11-02,0.00136579688387
2017-11-03,0.000471916131946
2017-11-06,0.00274123864336
2017-11-07,-0.000890235178601
2017-11-08,0.00174990492907
2017-11-09,-0.0022563884012
2017-11-10,-0.00275249750694
2017-11-13,-7.31699817146e-05
2017-11-14,-0.000834059559104
2017-11-15,-0.00269078307069
2017-11-16,0.00517985152726
2017-11-17,-6.3056189729e-05
2017-11-20,-0.000514861543487
2017-11-21,0.00479546173351
2017-11-22,0.0018580733957
2017-11-24,0.00126992102756
2017-11-27,-0.00152008602679
2017-11-28,0.00434636807899
2017-11-29,-0.00299494202105
2017-11-30,0.00174506117042
2017-12-01,-0.000200848104747
2017-12-04,-0.00147575074452
2017-12-05,-0.00226952478439
2017-12-06,-0.00110989409282
2017-12-07,0.000127904025085
2017-12-08,0.0034399435831
2017-12-11,0.00118361561787
2017-12-12,0.000567329327755
2017-12-13,0.00296101559735
2017-12-14,-0.00265074912371
2017-12-15,0.0034086385322
2017-12-18,0.00472690791435
2017-12-19,-0.00397098321783
2017-12-20,-0.00134566126125
2017-12-21,0.00200615037568
2017-12-22,0.00165416456369
2017-12-26,0.000738516318421
2017-12-27,0.00214516281928
2017-12-28,0.00194605855596
2017-12-29,1.20629699056e-05
2018-01-02,0.00501285044328
2018-01-03,0.00345625007266
2018-01-04,0.00275356355435
2018-01-05,0.00325878221179
2018-01-08,0.000663793467828
2018-01-09,-0.00111151828502
2018-01-10,-0.00152644431586
2018-01-11,0.00418408916042
2018-01-12,0.00507792140603
2018-01-16,-0.00124518212985
2018-01-17,0.00413312702828
2018-01-18,-0.00233484253181
2018-01-19,0.00282845336683
2018-01-22,0.00462583842964
2018-01-23,0.00323526611319
2018-01-24,0.00138550136421
2018-01-25,-0.000624417821578
2018-01-26,0.00553363392225
2018-01-29,-0.00643312846578
2018-01-30,-0.00684569359747
2018-01-31,0.00184408812497
2018-02-01,-0.00232639855054
2018-02-02,-0.0149037327103
2018-02-05,-0.0226283468763
2018-02-06,0.00920130900294
2018-02-07,-0.0069766570019
2018-02-08,-0.0202212322754
2018-02-09,0.00742766498789
2018-02-12,0.00843865553811
2018-02-13,0.00170219269672
2018-02-14,0.00907454631791
2018-02-15,0.00728342782288
2018-02-16,0.00100665204852
2018-02-20,-0.00637602624077
2018-02-21,-0.00460744509769
2018-02-22,0.00232794797375
2018-02-23,0.00956066501332
2018-02-26,0.00651184561224
2018-02-27,-0.0110512790569
2018-02-28,-0.00536257268188
2018-03-01,-0.00672813851823
2018-03-02,0.00225118860039
2018-03-05,0.00494434214855
2018-03-06,0.00358708399228
2018-03-07,-0.000677200638335
2018-03-08,0.00255553879847
2018-03-09,0.00802866791139
2018-03-12,0.000504357905836
2018-03-13,-0.00320859643603
2018-03-14,-0.000989073025807
2018-03-15,-0.00123602945631
2018-03-16,-0.000183913857826
2018-03-19,-0.00707286989175
2018-03-20,0.000142390686721
2018-03-21,0.00141123113817
2018-03-22,-0.0132422671498
2018-03-23,-0.00955236665203
2018-03-26,0.0144119070381
2018-03-27,-0.00725975121753
2018-03-28,-0.000737369856371
2018-03-29,0.00787380873571
2018-04-02,-0.0101733372857
2018-04-03,0.00528163940065
2018-04-04,0.00476512373558
2018-04-05,0.00295245392673
2018-04-06,-0.00892289585984
2018-04-09,0.00336326964698
2018-04-10,0.00808501508799
2018-04-11,-0.00132553837891
2018-04-12,0.00107942515484
2018-04-13,-0.00040819620009
2018-04-16,0.00351933390216
2018-04-17,0.00534148657826
2018-04-18,0.000681736424309
2018-04-19,-0.004514114909
2018-04-20,-0.00637259913296
2018-04-23,-0.00153849528934
2018-04-24,-0.00548330390569
2018-04-25,-0.00107343269631
2018-04-26,0.00616415139436
2018-04-27,0.00241915667187
2018-04-30,-0.00457361154385
2018-05-01,-0.000478786434963
2018-05-02,-0.00302644869254
2018-05-03,0.000314193602542
2018-05-04,0.00615143609593
2018-05-07,0.00120785706129
2018-05-08,-0.000365209296361
2018-05-09,0.0036325778231
2018-05-10,0.00707819984836
2018-05-11,0.00101438678626
2018-05-14,-0.000592252017671
2018-05-15,-0.00832483358256
2018-05-16,0.00201265653872
2018-05-17,-0.00133779981166
2018-05-18,-0.000966325454604
2018-05-21,0.00469671736961
2018-05-22,-0.000925193787082
2018-05-23,0.000703886058943
2018-05-24,-4.05141781301e-05
2018-05-25,-0.000971902372543
2018-05-29,-0.00593738767931
2018-05-30,0.00727061658785
2018-05-31,-0.00348081344303
2018-06-01,0.00438131374706
2018-06-04,0.00245186340277
2018-06-05,0.000291516738449
2018-06-06,0.00440391701404
2018-06-07,-0.00094727791409
2018-06-08,0.00114930377546
2018-06-11,0.00127535074978
2018-06-12,-0.000630203433951
2018-06-13,-0.00236155300772
2018-06-14,0.00161322786903
2018-06-15,-0.00319063660784
2018-06-18,-0.00247257272221
2018-06-19,-0.00346887952897
2018-06-20,0.000498021294046
2018-06-21,-0.00360406962798
2018-06-22,0.00356179846232
2018-06-25,-0.008141921824
2018-06-26,0.00084903816793
2018-06-27,-0.0053515980532
2018-06-28,0.00303552501427
2018-06-29,0.00301030474704
2018-07-02,-0.00281218977511
2018-07-03,0.0010294535642
2018-07-05,0.00493398571217
2018-07-06,0.00509772169945
2018-07-09,0.00487679577291
2018-07-10,0.0011047147156
2018-07-11,-0.00710217621394
2018-07-12,0.00589606379021
2018-07-13,0.000621067514232
2018-07-16,-0.00130829181829
2018-07-17,0.000611415247466
2018-07-18,0.000416621720117
2018-07-19,-0.00183492021352
2018-07-20,0.000499493780443
2018-07-23,-0.00145421302181
2018-07-24,0.00365288785251
2018-07-25,0.00587484397699
2018-07-26,-0.00271983462412
2018-07-27,-0.00213433406645
2018-07-30,-0.00247823449769
2018-07-31,0.00351217642569
2018-08-01,-0.00227759620279
2018-08-02,-0.000247653449809
2018-08-03,0.0035647565362
2018-08-06,-0.000124157875127
2018-08-07,0.00218896241985
2018-08-08,-0.000273066939713
2018-08-09,-0.000383219634274
2018-08-10,-0.00591688774749
2018-08-13,-0.00418323362468
2018-08-14,0.00284951276105
2018-08-15,-0.00696542751773
2018-08-16,0.00473722430405
2018-08-17,0.00406462703194
2018-08-20,0.0027770615064
2018-08-21,0.0020410655307
2018-08-22,0.00112714991605
2018-08-23,-0.00335052298758
2018-08-24,0.00603501427486
2018-08-27,0.00546384170084
2018-08-28,-0.00101438670815
2018-08-29,0.00344285362917
2018-08-30,-0.00460180574001
2018-08-31,-0.000595863345213
2018-09-04,-0.00467134831591
2018-09-05,-0.00222736134398
2018-09-06,-0.000882037014318
2018-09-07,-0.00402802127449
2018-09-10,0.00131880121408
2018-09-11,0.000855139427076
2018-09-12,0.00198779444709
2018-09-13,0.00374017869973
2018-09-14,-0.00106089447713
2018-09-17,-0.00158692910303
2018-09-18,0.00280850895092
2018-09-19,0.000804819685984
2018-09-20,0.00611369348439
2018-09-21,-0.000522113719471
2018-09-24,-0.00366382665651
2018-09-25,0.000658809183518
2018-09-26,-0.00120644099077
2018-09-27,0.000377056007334
2018-09-28,-0.000395669071991
2018-10-01,0.000851427798131
2018-10-02,-0.000429176178815
2018-10-03,-0.00288237070925
2018-10-04,-0.00712601325799
2018-10-05,-0.00355679590014
2018-10-08,-0.00105835765339
2018-10-09,-0.000577942135894
2018-10-10,-0.0171452502778
2018-10-11,-0.00892191680681
2018-10-12,0.00629469578381
2018-10-15,-0.00192929808628
2018-10-16,0.0125522280296
2018-10-17,-0.00229080193992
2018-10-18,-0.00892251799087
2018-10-19,0.00117968085068
2018-10-22,-0.00280792144811
2018-10-23,-0.00268912916576
2018-10-24,-0.0148196825831
2018-10-25,0.00880784045734
2018-10-26,-0.00784649021841
2018-10-29,-0.00346348411601
2018-10-30,0.00776488341111
2018-10-31,0.0041258654891
2018-11-01,0.00925671599122
2018-11-02,-0.00308984603492
2018-11-05,0.00288636522989
2018-11-06,0.00281740398542
2018-11-07,0.0112615007319
2018-11-08,-0.00395593667718
2018-11-09,-0.0057814307796
2018-11-12,-0.00993190247961
2018-11-13,0.000499292346179
2018-11-14,-0.00120068282159
2018-11-15,0.00525046649499
2018-11-16,0.00314728976877
2018-11-19,-0.00776852714185
2018-11-20,-0.0110501879471
2018-11-21,0.00452662319208
2018-11-23,-0.00409674857311
2018-11-26,0.0079378904122
2018-11-27,0.000799545488851
2018-11-28,0.0126631178541
2018-11-29,-0.000983973060664
2018-11-30,0.00207706650146
2018-12-03,0.00919849904427
2018-12-04,-0.0157231150442
2018-12-06,-0.000412956121902
2018-12-07,-0.0102265094063
2018-12-10,-0.00168665214143
2018-12-11,0.000266586644299
2018-12-12,0.00373703175202
2018-12-13,-0.000114108724234
2018-12-14,-0.00944615200892
2018-12-17,-0.00930917915273
2018-12-18,0.00165521418018
2018-12-19,-0.00809050044391
2018-12-20,-0.00558366142682
2018-12-21,-0.0113495691861
2018-12-24,-0.0111782653901
2018-12-26,0.0217686355772
2018-12-27,0.0038864799832
2018-12-28,0.0026818121902
2018-12-31,0.00436212734882
2019-01-02,-0.000186042743568
2019-01-03,-0.00721719324825
2019-01-04,0.0156601829672
2019-01-07,0.00346778944954
2019-01-08,0.0049600772301
2019-01-09,0.00490127340251
2019-01-10,0.00195187047533
2019-01-11,-0.000146987142835
2019-01-14,-0.00356223987741
2019-01-15,0.0054324959743
2019-01-16,0.00249924669378
2019-01-17,0.0031579394399
2019-01-18,0.00541184559344
2019-01-22,-0.00723793557973
2019-01-23,0.00193296952084
2019-01-24,0.0014617033368
2019-01-25,0.00686754068376
2019-01-28,-0.00324047755078
2019-01-29,0.00176298573648
2019-01-30,0.00982092979516
2019-01-31,0.00538966115503
2019-02-01,-0.00175634865309
2019-02-04,0.00266646911252
2019-02-05,0.0043339180523
2019-02-06,-0.00300010457126
2019-02-07,-0.00467076920305
2019-02-08,0.000605688614573
2019-02-11,-0.00109360905152
2019-02-12,0.00676309231492
2019-02-13,0.000224118647829
2019-02-14,0.000753454284508
2019-02-15,0.00673047822166
2019-02-19,0.00353705606315
2019-02-20,0.00105767396861
2019-02-21,-0.00343939222
2019-02-22,0.00474361269574
2019-02-25,0.000903134712313
2019-02-26,0.000723304710143
2019-02-27,-0.00266475195114
2019-02-28,-0.00262944735292
2019-03-01,0.000901761954753
2019-03-04,-0.00119189456734
2019-03-05,0.000581192857655
2019-03-06,-0.00261655896473
2019-03-07,-0.00496358469385
2019-03-08,0.000162345018746
2019-03-11,0.00775192982317
2019-03-12,0.00303372682283
2019-03-13,0.00437249928902
2019-03-14,-0.00196155284433
2019-03-15,0.00502683085187
2019-03-18,0.00200632438487
2019-03-19,0.000393448496974
2019-03-20,0.00106749842201
2019-03-21,0.00484345492987
2019-03-22,-0.00983088177941
2019-03-25,0.00122318008412
2019-03-26,0.00357961389302
2019-03-27,-0.00257608612951
2019-03-28,0.000990218222917
2019-03-29,0.00329347261723
2019-04-01,0.00498173265351
2019-04-02,0.00119270483902
2019-04-03,0.00104885523804
2019-04-04,0.00137445855444
2019-04-05,0.00295652639698
2019-04-08,0.000177149599351
2019-04-09,-0.002356919196
2019-04-10,0.00350821750786
2019-04-11,-0.00258942961408
2019-04-12,0.00322157526247
2019-04-15,-0.000741012578689
2019-04-16,-0.00171687271012
2019-04-17,-0.00114311268359
2019-04-18,0.00147852292543
2019-04-22,-0.00103419874958
2019-04-23,0.00479977380556
2019-04-24,-0.00122785799842
2019-04-25,-0.00057862419454
2019-04-26,0.00412899788232
2019-04-29,-0.000406521131335
2019-04-30,0.00140876409038
2019-05-01,-0.00456144328418
2019-05-02,-0.00207942748964
2019-05-03,0.00712893309342
2019-05-06,-0.0035131130037
2019-05-07,-0.0096543033171
2019-05-08,-0.000983961927666
2019-05-09,-0.00211961270622
2019-05-10,0.00396026936433
2019-05-13,-0.0124421772049
2019-05-14,0.00541649199967
2019-05-15,0.00386854457553
2019-05-16,0.00328312994788
2019-05-17,-0.00471495626313
2019-05-20,-0.00441395829311
2019-05-21,0.00504890318304
2019-05-22,-0.00125255908553
2019-05-23,-0.00459144491661
2019-05-24,0.00277508899224
2019-05-28,-0.00466210044269
2019-05-29,-0.00357010012331
2019-05-30,0.00347188414648
2019-05-31,-0.00262269727319
2019-06-03,0.00232420611379
2019-06-04,0.00876945607871
2019-06-05,0.00389426891298
2019-06-06,0.00324239576778
2019-06-07,0.00734027777777
2019-06-10,0.000295731848499
2019-06-11,0.00104643036443
2019-06-12,-0.00121478489799
2019-06-13,0.00297784997616
2019-06-14,-0.00200683259632
2019-06-17,0.000784661561095
2019-06-18,0.00804578646706
2019-06-19,0.00385501243505
2019-06-20,0.00874453447499
2019-06-21,-0.0023792131008
2019-06-24,0.00165063680884
2019-06-25,-0.00531140917226
2019-06-26,-0.00236461042869
2019-06-27,0.00327977697849
2019-06-28,0.00302985262188
2019-07-01,0.0027821494866
2019-07-02,0.00473492276063
2019-07-03,0.00503291474647
2019-07-05,-0.00433244642083
2019-07-08,-0.00363092266553
2019-07-09,5.6901851301e-05
2019-07-10,0.00462835110252
2019-07-11,-0.00182760109611
2019-07-12,0.00266434761919
2019-07-15,0.000975556908956
2019-07-16,-0.00325448567112
2019-07-17,-0.000648690252071
2019-07-18,0.00391223016412
2019-07-19,-0.00513184443848
2019-07-22,0.00119253597658
2019-07-23,0.00317496296465
2019-07-24,0.00278197800983
2019-07-25,-0.00489643173863
2019-07-26,0.00328558099567
2019-07-29,0.000134398994591
2019-07-30,-0.00210205517258
2019-07-31,-0.006423044079
2019-08-01,9.07437862614e-05
2019-08-02,-0.00411609509532
2019-08-05,-0.0141093004617
2019-08-06,0.00876791618713
2019-08-07,0.00282737287558
2019-08-08,0.010701959486
2019-08-09,-0.00469537498107
2019-08-12,-0.00388896426254
2019-08-13,0.00628971577378
2019-08-14,-0.014536195445
2019-08-15,0.00422866856525
2019-08-16,0.00681655112117
2019-08-19,0.00346051614602
2019-08-20,-0.00175208639069
2019-08-21,0.00393987744931
2019-08-22,-0.00175554866495
2019-08-23,-0.00886203330769
2019-08-26,0.00558265955441
2019-08-27,0.000539237105124
2019-08-28,0.00271548286699
2019-08-29,0.00556715925218
2019-08-30,0.000614359571751
2019-09-03,-0.000910556617841
2019-09-04,0.00831665440495
2019-09-05,0.00166118626376
2019-09-06,0.000311786694567
2019-09-09,-0.00153578561177
2019-09-10,-0.00284402307167
2019-09-11,0.00429916941242
2019-09-12,0.00225732908452
2019-09-13,-0.0027559774399
2019-09-16,-0.000211204081088
2019-09-17,0.00281666931498
2019-09-18,-0.00105414235423
2019-09-19,0.00121499011325
2019-09-20,0.000519099511088
2019-09-23,0.000743377118919
2019-09-24,-0.00258883658722
2019-09-25,-0.0012776385844
2019-09-26,0.000456306613094
2019-09-27,-0.00362794684661
2019-09-30,0.00110882049489
2019-10-01,-0.00524201451975
2019-10-02,-0.00808829228662
2019-10-03,0.00667538569719
2019-10-04,0.00702494966458
2019-10-07,-0.00387578213345
2019-10-08,-0.00651141480293
2019-10-09,0.00460819403075
2019-10-10,0.00174561237723
2019-10-11,0.00486262219877
2019-10-14,-1.87482712015e-05
2019-10-15,0.00374827721966
2019-10-16,0.000723834300418
2019-10-17,0.00204450149879
2019-10-18,-0.00130664111058
2019-10-21,0.00269942730727
2019-10-22,-0.000856623457286
2019-10-23,0.00229910783802
2019-10-24,0.00146798956192
2019-10-25,0.00113110140578
2019-10-28,0.00103859449149
2019-10-29,-0.000489351066982
2019-10-30,0.00363406993209
2019-10-31,0.000511677621711
2019-11-01,0.00538150847263
2019-11-04,0.00105498837407
2019-11-05,-0.00376469523508
2019-11-06,0.00101317574291
2019-11-07,-0.00140960718763
2019-11-08,-0.00074470808338
2019-11-11,-0.00105969222346
2019-11-12,0.000544293390618
2019-11-13,0.000744876529693
2019-11-14,0.00220348318159
2019-11-15,0.00369441958864
2019-11-18,0.00149319924097
2019-11-19,0.00027129741338
2019-11-20,-0.00152630440754
2019-11-21,-0.00250895974606
2019-11-22,0.000640391932205
2019-11-25,0.0043788043609
2019-11-26,0.00235176914387
2019-11-27,0.00145350290139
2019-11-29,-0.00309541222588
2019-12-02,-0.00516648630056
2019-12-03,-0.000233812653445
2019-12-04,0.00336473179823
2019-12-05,0.000384952919482
2019-12-06,0.00348282863453
2019-12-09,-0.00187376989363
2019-12-10,-0.000398183446744
2019-12-11,0.00352458080612
2019-12-12,0.00237773535689
2019-12-13,0.00276190753422
2019-12-16,0.00393816779945
2019-12-17,-0.000513293148755
2019-12-18,-9.29727976983e-05
2019-12-19,0.00268146721571
2019-12-20,0.00229007474893
2019-12-23,0.000617002165681
2019-12-24,0.00120755236977
2019-12-26,0.00428070980566
2019-12-27,0.000852599042729
2019-12-30,-0.00319999043652
2019-12-31,0.00162991845682
2020-01-02,0.00693855208994
2020-01-03,-0.0027501288113
2020-01-06,0.00254028699738
2020-01-07,-0.00191684855712
2020-01-08,0.00142965285911
2020-01-09,0.00306864817269
2020-01-10,0.000154692826575
2020-01-13,0.00379645567964
2020-01-14,-0.000597729712234
2020-01-15,0.00192038757956
2020-01-16,0.00418519822392
2020-01-17,0.00173234546604
2020-01-21,-0.00159787842995
2020-01-22,0.00045034822696
2020-01-23,0.000788069291875
2020-01-24,-0.00322791627229
2020-01-27,-0.00908386489052
2020-01-28,0.00439707513613
2020-01-29,0.00117248269353
2020-01-30,0.000461206609001
2020-01-31,-0.00905111403969
2020-02-03,0.00291372284344
2020-02-04,0.0071315440049
2020-02-05,0.00540624187974
2020-02-06,0.00264647892162
2020-02-07,-0.00276671992883
2020-02-10,0.00465534349303
2020-02-11,0.00175208088849
2020-02-12,0.00341534169504
2020-02-13,-0.00082420782235
2020-02-14,0.0017488819632
2020-02-18,-0.000556573784916
2020-02-19,0.00253159361641
2020-02-20,-0.00152585462478
2020-02-21,-0.00242927293793
2020-02-24,-0.0180494293492
2020-02-25,-0.0166667064776
2020-02-26,-0.00135334105699
2020-02-27,-0.0238443421773
2020-02-28,-0.00488426742858
2020-03-02,0.0207696686284
2020-03-03,-0.00620423347178
2020-03-04,0.0210575799547
2020-03-05,-0.0140800124314
2020-03-06,-0.00703054634843
2020-03-09,-0.0457777868769
2020-03-10,0.0192124095017
2020-03-11,-0.0337880027636
2020-03-12,-0.0686079220339
2020-03-13,0.042764522557
2020-03-16,-0.0614821407716
2020-03-17,0.0205384980331
2020-03-18,-0.043733136852
2020-03-19,0.0063897368306
2020-03-20,-0.00932837859156
2020-03-23,-0.00127393457982
2020-03-24,0.0520883089441
2020-03-25,0.0138462951109
2020-03-26,0.0318495737776
2020-03-27,-0.0152316163279
2020-03-30,0.0151582213926
2020-03-31,-0.0104411913586
2020-04-01,-0.0241561291952
2020-04-02,0.014202390076
2020-04-03,-0.00749814848335
2020-04-06,0.0375308073712
2020-04-07,0.000873050135954
2020-04-08,0.0148426896373
2020-04-09,0.0162376560798
2020-04-13,-0.00516397199363
2020-04-14,0.0157948821339
2020-04-15,-0.0131225940848
2020-04-16,0.00141368042724
2020-04-17,0.0121294853483
2020-04-20,-0.00942354505994
2020-04-21,-0.01531719302
2020-04-22,0.0138219329917
2020-04-23,0.000825923658047
2020-04-24,0.00605723398746
2020-04-27,0.00680511837406
2020-04-28,0.00063974542971
2020-04-29,0.0149753965547
2020-04-30,-0.00996529634919
2020-05-01,-0.0143074854045
2020-05-04,0.00196891179608
2020-05-05,0.00428078468468
2020-05-06,-0.00674882262091
2020-05-07,0.010168700121
2020-05-08,0.00834905941782
2020-05-11,-0.00242418804847
2020-05-12,-0.00969187684091
2020-05-13,-0.00691675003591
2020-05-14,0.00530673532479
2020-05-15,0.00175412983899
2020-05-18,0.0179743356317
2020-05-19,-0.00457908130471
2020-05-20,0.0101406280281
2020-05-21,-0.00569006120701
2020-05-22,0.0010592477697
2020-05-26,0.00839204245608
2020-05-27,0.00822191299393
2020-05-28,0.000415535295891
2020-05-29,0.00327110072797
2020-06-01,0.00659962128767
2020-06-02,0.00496836344238
2020-06-03,0.0070759503614
2020-06-04,-0.00266554574025
2020-06-05,0.0122618051068
2020-06-08,0.00902666836025
2020-06-09,-0.00399214898639
2020-06-10,-0.000118157411798
2020-06-11,-0.0343781518734
2020-06-12,0.00906936948728
2020-06-15,0.00459587526955
2020-06-16,0.00919313330597
2020-06-17,-0.00134322744525
2020-06-18,-0.000572965677574
2020-06-19,-0.00195994490602
2020-06-22,0.00492768262282
2020-06-23,0.00341050729265
2020-06-24,-0.0147554264453
2020-06-25,0.00655075301886
2020-06-26,-0.0109612778437
2020-06-29,0.00792708507759
2020-06-30,0.00527675442148
2020-07-01,0.00405432724738
2020-07-02,0.00486936153866
2020-07-06,0.010291546382
2020-07-07,-0.00595361314333
2020-07-08,0.00536540489526
2020-07-09,-0.00327512558211
2020-07-10,0.00407325230084
2020-07-13,-0.00429695513124
2020-07-14,0.00772625996295
2020-07-15,0.00537416965812
2020-07-16,-0.0038982202888
2020-07-17,0.00356884983755
2020-07-20,0.00466729890448
2020-07-21,0.00330154736069
2020-07-22,0.00473407952086
2020-07-23,-0.00473842452017
2020-07-24,-0.00262349910892
2020-07-27,0.00742894879673
2020-07-28,-0.00125304054343
2020-07-29,0.0087447800044
2020-07-30,-0.00440723016675
2020-07-31,0.00123408307922
2020-08-03,0.00476535504109
2020-08-04,0.0066971843173
2020-08-05,0.003681640173
2020-08-06,0.00478947133145
2020-08-07,-0.00289469426662
2020-08-10,0.000983346269928
2020-08-11,-0.0102578941436
2020-08-12,0.00770870924567
2020-08-13,-0.000327082288714
2020-08-14,-0.00140850099708
2020-08-17,0.00585973927127
2020-08-18,0.00230790580658
2020-08-19,-0.00755406511283
2020-08-20,0.00229384721537
2020-08-21,0.000476726799665
2020-08-24,0.00539055970237
2020-08-25,0.00168284876658
2020-08-26,0.00571888493213
2020-08-27,-0.00245275438271
2020-08-28,0.00655239415491
2020-08-31,-0.00275514914414
2020-09-01,0.00546759299191
2020-09-02,0.00684364675146
2020-09-03,-0.0183977024065
2020-09-04,-0.00429772805779
2020-09-08,-0.0130961347683
2020-09-09,0.011661526432
2020-09-10,-0.00936334469928
2020-09-11,0.00180094130207
2020-09-14,0.00832566269117
2020-09-15,0.00346676344854
2020-09-16,-0.00124528539009
2020-09-17,-0.00452974162351
2020-09-18,-0.00672344531702
2020-09-21,-0.0111376541608
2020-09-22,0.00346067976897
2020-09-23,-0.0146933970991
2020-09-24,0.00137264631522
2020-09-25,0.00719971104932
2020-09-28,0.0109345618632
2020-09-29,-0.0015004611122
2020-09-30,0.00205991347435
2020-10-01,0.00563986559308
2020-10-02,-0.00396509871496
2020-10-05,0.0088183869238
2020-10-06,-0.00780756873166
2020-10-07,0.00785203481839
2020-10-08,0.00630886400641
2020-10-09,0.0063471519075
2020-10-12,0.00756352038071
2020-10-13,-0.00633877309908
2020-10-14,-0.00296157625723
2020-10-15,-0.00192841305079
2020-10-16,-0.000425887534866
2020-10-19,-0.00757064651558
2020-10-20,0.00315541932219
2020-10-21,-0.000723485568198
2020-10-22,0.000505608075875
2020-10-23,0.00278680231776
2020-10-26,-0.0102901528545
2020-10-27,-0.00186291150459
2020-10-28,-0.0208997043101
2020-10-29,0.00416632018365
2020-10-30,-0.00570304625475
2020-11-02,0.00899636662255
2020-11-03,0.0111725629539
2020-11-04,0.0131535499858
2020-11-05,0.0141865581246
2020-11-06,-0.000603637886715
2020-11-09,0.00398351937032
2020-11-10,0.000407788653948
2020-11-11,0.004232730104
2020-11-12,-0.0047586765265
2020-11-13,0.00958634358174
2020-11-16,0.00746613347363
2020-11-17,-0.00193893110726
2020-11-18,-0.00687675173563
2020-11-19,0.00298467579688
2020-11-20,-0.00137911467436
2020-11-23,0.000221104489685
2020-11-24,0.00741757046079
2020-11-25,-0.00106885215333
2020-11-27,0.00194058598131
2020-11-30,-0.00654855376227
2020-12-01,0.00973552440338
2020-12-02,0.00112422299397
2020-12-03,0.00257139060002
2020-12-04,0.00456940981318
2020-12-07,-0.000152563706374
2020-12-08,0.00196518226416
2020-12-09,-0.00622549112574
2020-12-10,0.00110778664547
2020-12-11,-0.000779665734713
2020-12-14,-0.00274919790372
2020-12-15,0.00955822958101
2020-12-16,0.001805515835
2020-12-17,0.00489814432721
2020-12-18,-0.00372999961832
2020-12-21,-0.00413295755147
2020-12-22,-0.00154956341231
2020-12-23,0.00254547450348
2020-12-24,0.00265294096218
2020-12-28,0.00427613612805
2020-12-29,0.00087256783875
2020-12-30,0.00268049625278
2020-12-31,0.00192055766977
2021-01-04,-0.00358378526351
2021-01-05,0.00540936261914
2021-01-06,0.000474461730165
2021-01-07,0.00580759919879
2021-01-08,0.00102187743059
2021-01-11,-0.00636235180651
2021-01-12,0.00220288169552
2021-01-13,0.00188100250364
2021-01-14,-5.81256882864e-05
2021-01-15,-0.00610560020939
2021-01-19,0.00604613450677
2021-01-20,0.0098801855797
2021-01-21,0.000193401743384
2021-01-22,-0.00337098644217
2021-01-25,0.00293502705219
2021-01-26,-0.000948414554726
2021-01-27,-0.015580647872
2021-01-28,0.00480087847573
2021-01-29,-0.0129635295775
2021-02-01,0.0117994780908
2021-02-02,0.00661538994833
2021-02-03,0.000234696611471
2021-02-04,0.0027564136377
2021-02-05,0.00370825867189
2021-02-08,0.00546010984986
2021-02-09,0.00172672492678
2021-02-10,0.00056310386971
2021-02-11,0.00110769998319
2021-02-12,0.00179162350847
2021-02-16,-0.00244068058676
2021-02-17,-0.0014462782214
2021-02-18,-0.00375880659693
2021-02-19,-6.76721229664e-05
2021-02-22,-0.00386539573149
2021-02-23,0.000999928605034
2021-02-24,0.00468183885216
2021-02-25,-0.0186897043994
2021-02-26,-0.0053485858217
2021-03-01,0.0135839682887
2021-03-02,-0.00329220169054
2021-03-03,-0.00855754334157
2021-03-04,-0.00986008823547
2021-03-05,0.00922309191749
2021-03-08,-0.00569471082122
2021-03-09,0.0120485908604
2021-03-10,0.00453641122678
2021-03-11,0.00707134519908
2021-03-12,-0.00096712152431
2021-03-15,0.00417078072445
2021-03-16,-0.000152814610389
2021-03-17,0.00269469620223
2021-03-18,-0.0103790038786
2021-03-19,0.000151595068135
2021-03-22,0.00408640081711
2021-03-23,-0.00611752875618
2021-03-24,-0.00337829347091
2021-03-25,0.00320330739365
2021-03-26,0.0104535387049
2021-03-29,-0.00311929015765
2021-03-30,-0.00252601341563
2021-03-31,0.00242151712443
2021-04-01,0.00963928692621
2021-04-05,0.00771650141428
2021-04-06,0.000411597030801
2021-04-07,-0.000434642618361
2021-04-08,0.00477759997633
2021-04-09,0.00177637643114
2021-04-12,-0.00128813259078
2021-04-13,0.00394186757485
2021-04-14,-0.0018431995336
2021-04-15,0.00945805916495
2021-04-16,0.00244225551194
2021-04-19,-0.00297904490239
2021-04-20,-0.00468427948693
2021-04-21,0.0070164957629
2021-04-22,-0.0051586554695
2021-04-23,0.0066295276118
2021-04-26,0.00134525142799
2021-04-27,-0.00134741460265
2021-04-28,0.00111803124415
2021-04-29,0.00249065177812
2021-04-30,-0.00536268967618
2021-05-03,0.00376246315784
2021-05-04,-0.00551334072517
2021-05-05,0.00200262392982
2021-05-06,0.00673014513826
2021-05-07,0.00662762033712
2021-05-10,-0.00585714332444
2021-05-11,-0.0066886240335
2021-05-12,-0.0155477203822
2021-05-13,0.00745139072842
2021-05-14,0.0114382156458
2021-05-17,-0.000268353577378
2021-05-18,-0.00240996013482
2021-05-19,-0.0032829074026
2021-05-20,0.00841617459052
2021-05-21,-0.000714063046691
2021-05-24,0.00658363056246
2021-05-25,0.00112034993727
2021-05-26,0.00098933111911
2021-05-27,0.000212315459795
2021-05-28,0.00205802707056
2021-06-01,0.00204998656622
2021-06-02,0.0024143554029
2021-06-03,-0.00549421227324
2021-06-04,0.00778146300058
2021-06-07,0.000437091681742
2021-06-08,0.000421307621289
2021-06-09,-0.000834325604802
2021-06-10,0.00420783306968
2021-06-11,-0.000768697157258
2021-06-14,0.00039143999124
2021-06-15,-0.00177970538796
2021-06-16,-0.00705527137272
2021-06-17,-0.00291352880214
2021-06-18,-0.00927942445256
2021-06-21,0.00953800500542
2021-06-22,0.00202164814082
2021-06-23,-0.00137468593768
2021-06-24,0.0038518042782
2021-06-25,0.00256138464225
2021-06-28,0.000537976459703
2021-06-29,-0.000743818953174
2021-06-30,-0.000517938015966
2021-07-01,0.00289184231144
2021-07-02,0.00513167247485
2021-07-06,-0.000780946370326
2021-07-07,0.00296555893254
2021-07-08,-0.00631039072482
2021-07-09,0.00805172768896
2021-07-12,0.00234995630412
2021-07-13,-0.00332220693634
2021-07-14,0.00338345698643
2021-07-15,-0.00175021457178
2021-07-16,-0.00574610691639
2021-07-19,-0.00908627207444
2021-07-20,0.00807658437346
2021-07-21,0.0045268279881
2021-07-22,0.00153349292223
2021-07-23,0.00457051870529
2021-07-26,0.000152804446572
2021-07-27,-0.00237036143779
2021-07-28,0.00228852792247
2021-07-29,0.00344246440978
2021-07-30,-0.00346658324651
2021-08-02,0.000591608184217
2021-08-03,0.00466847166341
2021-08-04,-0.00261397488208
2021-08-05,0.00279187385806
2021-08-06,-0.00356000260954
2021-08-09,-0.00258429477385
2021-08-10,0.000276032149567
2021-08-11,0.00384640890631
2021-08-12,0.000682228199317
2021-08-13,0.00392160543837
2021-08-16,0.000446753830903
2021-08-17,-0.00561801847459
2021-08-18,-0.00536923549407
2021-08-19,-0.00120396779206
2021-08-20,0.00397472950325
2021-08-23,0.00692396018141
2021-08-24,0.00167986349802
2021-08-25,-0.000136967590715
2021-08-26,-0.00367004272543
2021-08-27,0.00856725354167
2021-08-30,0.00233574563522
2021-08-31,-0.000140633522329
2021-09-01,0.00291707677754
2021-09-02,0.00209944511225
2021-09-03,0.00126299076523
2021-09-07,-0.0044834003273
2021-09-08,-0.0016530399351
2021-09-09,-0.00173068977044
2021-09-10,-0.00559285481086
2021-09-13,0.00322252846488
2021-09-14,-0.00228390788871
2021-09-15,0.0035170989976
2021-09-16,-0.00395333516004
2021-09-17,-0.00715703644279
2021-09-20,-0.010109543033
2021-09-21,0.00178038558551
2021-09-22,0.00577403313072
2021-09-23,0.00455142442929
2021-09-24,-0.00231247074228
2021-09-27,-0.00183676172863
2021-09-28,-0.0144359009033
2021-09-29,8.37001899721e-05
2021-09-30,-0.00455932202256
2021-10-01,0.00724868710292
2021-10-04,-0.00719994306196
2021-10-05,0.00437355321084
2021-10-06,0.00129146768622
2021-10-07,0.00469608872631
2021-10-08,-0.00146370005505
2021-10-11,-0.00410141444927
2021-10-12,0.000713213798543
2021-10-13,0.00621601806417
2021-10-14,0.0100675446122
2021-10-15,0.00271951113904
2021-10-18,0.000317897201351
2021-10-19,0.00437438970117
2021-10-20,0.003642737276
2021-10-21,-0.00035759206683
2021-10-22,0.00137119154402
2021-10-25,0.00341807547595
2021-10-26,0.000342232474462
2021-10-27,-0.00209666381339
2021-10-28,0.00563414614418
2021-10-29,-0.00212004224579
2021-11-01,0.0029601131344
2021-11-02,0.00161274354892
2021-11-03,0.0028874514202
2021-11-04,0.00338698263114
2021-11-05,0.0042146449526
2021-11-08,0.000738065272274
2021-11-09,-0.000484771136487
2021-11-10,-0.00638454570053
2021-11-11,0.00146468218184
2021-11-12,0.00453185954558
2021-11-15,-0.00073284283416
2021-11-16,0.000273517515355
2021-11-17,-3.58379818999e-06
2021-11-18,0.000982017598953
2021-11-19,-0.00250863258187
2021-11-22,-0.00605774347506
2021-11-23,-0.000916912911179
2021-11-24,0.00154807026473
2021-11-26,-0.014407969668
2021-11-29,0.00617043009152
2021-11-30,-0.0106590393588
2021-12-01,-0.00602785110958
2021-12-02,0.0100089580244
2021-12-03,-0.00349418281529
2021-12-06,0.00639495550553
2021-12-07,0.0132232294769
2021-12-08,0.00136950209609
2021-12-09,-0.00561138656066
2021-12-10,0.00499116766128
2021-12-13,-0.00445811490935
2021-12-14,-0.00575952055936
2021-12-15,0.00929184277354
2021-12-16,-0.00231002096494
2021-12-17,-0.00648852098603
2021-12-20,-0.00694620485798
2021-12-21,0.0104169997944
2021-12-22,0.00765197857909
2021-12-23,0.00357985483197
2021-12-27,0.00872797915746
2021-12-28,-0.000769819842255
2021-12-29,-4.06676142556e-05
2021-12-30,0.000512882813324
2021-12-31,-0.000738309643801
2022-01-03,0.000229331997475
2022-01-04,0.00055740192973
2022-01-05,-0.0130993206886
2022-01-06,-0.00239895997367
2022-01-07,-0.00157222638017
2022-01-10,-0.00189823564874
2022-01-11,0.00827917023165
2022-01-12,0.00343013388129
2022-01-13,-0.007561042088
2022-01-14,-0.00216170598113
2022-01-18,-0.0126826657247
2022-01-19,-0.00332477414388
2022-01-20,-0.00602043841881
2022-01-21,-0.0103605518968
2022-01-24,8.71026090976e-05
2022-01-25,-0.00620814687436
2022-01-26,-0.00595126221466
2022-01-27,-0.0044706111916
2022-01-28,0.0130605986609
2022-01-31,0.0126086896217
2022-02-01,0.00409884203055
2022-02-02,0.00656235112246
2022-02-03,-0.0146368263281
2022-02-04,0.000456062309283
2022-02-07,-0.000443594619116
2022-02-08,0.00400114092534
2022-02-09,0.0109388412073
2022-02-10,-0.013435420782
2022-02-11,-0.00810977680171
2022-02-14,-0.00392279808779
2022-02-15,0.00928732628244
2022-02-16,0.00294072184332
2022-02-17,-0.0105670897989
2022-02-18,-0.00359675289588
2022-02-22,-0.00678160329805
2022-02-23,-0.0106173510545
2022-02-24,0.0044217335634
2022-02-25,0.0146698888841
2022-02-28,-0.000906451253813
2022-03-01,-0.00667402006459
2022-03-02,0.00653171699216
2022-03-03,-0.00322329708235
2022-03-04,-0.0044905404038
2022-03-07,-0.0184830499121
2022-03-08,-0.000548641922632
2022-03-09,0.013961478031
2022-03-10,-0.00484836390709
2022-03-11,-0.00837803692596
2022-03-14,-0.00779920835327
2022-03-15,0.00900633835584
2022-03-16,0.0181796497875
2022-03-17,0.00819670166859
2022-03-18,0.00614177137893
2022-03-21,-0.00354774098668
2022-03-22,0.00556306735721
2022-03-23,-0.00552945904197
2022-03-24,0.00800910870277
2022-03-25,0.000255860926891
2022-03-28,0.00211048155788
2022-03-29,0.0111491336034
2022-03-30,-0.00215360339655
2022-03-31,-0.0102509699608
2022-04-01,0.00276554357387
2022-04-04,0.00533079206229
2022-04-05,-0.0111808969583
2022-04-06,-0.00655275225001
2022-04-07,0.00137606730693
2022-04-08,-0.00139235645816
2022-04-11,-0.010536853929
2022-04-12,-0.00130001432846
2022-04-13,0.00822783216559
2022-04-14,-0.00878472490278
2022-04-18,-0.00110550112423
2022-04-19,0.00571048274944
2022-04-20,0.00330556023372
2022-04-21,-0.0105788467344
2022-04-22,-0.0169727361802
2022-04-25,0.000719158819649
2022-04-26,-0.016904552499
2022-04-27,0.000287643324063
2022-04-28,0.0151057354008
2022-04-29,-0.0217189529934
2022-05-02,-0.00284072148067
2022-05-03,0.0048159924512
2022-05-04,0.0190596644141
2022-05-05,-0.0255199640159
2022-05-06,-0.00587814130581
2022-05-09,-0.021745937407
2022-05-10,0.000572391260869
2022-05-11,-0.00567146624748
2022-05-12,-0.00194266590484
2022-05-13,0.0146639662784
2022-05-16,-0.000430669136465
2022-05-17,0.0109200047499
2022-05-18,-0.0216289789668
2022-05-19,0.00109447263508
2022-05-20,0.00228983287771
2022-05-23,0.0105149559676
2022-05-24,-0.00142174148761
2022-05-25,0.00447280999207
2022-05-26,0.0104628694199
2022-05-27,0.0144516204232
2022-05-31,-0.00589892982073
2022-06-01,-0.00593770820448
2022-06-02,0.0141424400556
2022-06-03,-0.011641488595
2022-06-06,-0.000132994506489
2022-06-07,0.00686558734436
2022-06-08,-0.00842335841874
2022-06-09,-0.0157191577853
2022-06-10,-0.017620544494
2022-06-13,-0.031345685361
2022-06-14,-0.00502564249336
2022-06-15,0.0145859983922
2022-06-16,-0.0179840987929
2022-06-17,0.000161771500282
2022-06-21,0.0123752654515
2022-06-22,0.000627277244988
2022-06-23,0.00524583502438
2022-06-24,0.0187131928514
2022-06-27,-0.00334650223581
2022-06-28,-0.0104397745104
2022-06-29,-0.000330796957217
2022-06-30,-0.00387679972308
2022-07-01,0.00790007069877
2022-07-05,-0.00418524772706
2022-07-06,-0.00242485098654
2022-07-07,0.00872298145784
2022-07-08,-0.00136236034595
2022-07-11,-0.00747008060467
2022-07-12,-0.00424512806963
2022-07-13,-0.00125631389781
2022-07-14,-0.00604220328577
2022-07-15,0.0119533485888
2022-07-18,-0.00351237912066
2022-07-19,0.0164241972264
2022-07-20,0.000739565102762
2022-07-21,0.010314248938
2022-07-22,-0.00213168689942
2022-07-25,0.000775862842345
2022-07-26,-0.00735236596374
2022-07-27,0.0170803604028
2022-07-28,0.0112430801889
2022-07-29,0.00866578337709
2022-08-01,-0.00050507980578
2022-08-02,-0.0092625517957
2022-08-03,0.00947048081186
2022-08-04,0.00280066327745
2022-08-05,-0.00555569269592
2022-08-08,0.00252431739192
2022-08-09,-0.00270128755237
2022-08-10,0.0136645897327
2022-08-11,-0.00149749302763
2022-08-12,0.0117113301268
2022-08-15,0.000107328004789
2022-08-16,0.000447554391115
2022-08-17,-0.00664151170017
2022-08-18,0.000650257009037
2022-08-19,-0.0111872225644
2022-08-22,-0.0142890266748
2022-08-23,-0.000735224298906
2022-08-24,0.00153719427815
2022-08-25,0.0108640175902
2022-08-26,-0.021732612854
2022-08-29,-0.00502491904345
2022-08-30,-0.00772468969414
2022-08-31,-0.00636096945753
2022-09-01,-0.00277679247873
2022-09-02,-0.00460095323981
2022-09-06,-0.00515213551836
2022-09-07,0.0127900488265
2022-09-08,0.00158121171768
2022-09-09,0.0117315363943
2022-09-12,0.00747860027482
2022-09-13,-0.0293950089615
2022-09-14,0.00185169862812
2022-09-15,-0.0100638542742
2022-09-16,-0.00440516910322
2022-09-19,0.00343185786043
2022-09-20,-0.0101763427153
2022-09-21,-0.00947800622491
2022-09-22,-0.00809153549779
2022-09-23,-0.0152142315724
2022-09-26,-0.0130259346023
2022-09-27,-0.003661901087
2022-09-28,0.0192926930384
2022-09-29,-0.0144772608756
2022-09-30,-0.0076282650752
2022-10-03,0.0205089989446
2022-10-04,0.0225801304855
2022-10-05,-0.00566566071688
2022-10-06,-0.0094139529466
2022-10-07,-0.0181826272192
2022-10-10,-0.00792370090736
2022-10-11,-0.0041083471626
2022-10-12,-0.00125977793599
2022-10-13,0.0134357042279
2022-10-14,-0.0161329942874
2022-10-17,0.0179522673523
2022-10-18,0.00699787153795
2022-10-19,-0.00986324817607
2022-10-20,-0.00548930862798
2022-10-21,0.0161129714986
2022-10-24,0.00310519098687
2022-10-25,0.0146769331694
2022-10-26,-2.22668183805e-05
2022-10-27,-0.00208313955762
2022-10-28,0.0104924077506
2022-10-31,-0.00606564191689
2022-11-01,0.000962022170097
2022-11-02,-0.0157433172341
2022-11-03,-0.00695277297119
2022-11-04,0.016386882528
2022-11-07,0.00365202043658
2022-11-08,0.00757743977281
2022-11-09,-0.0122567878681
2022-11-10,0.0441867494666
2022-11-11,0.00794038910048
2022-11-14,-0.00721452431615
2022-11-15,0.00806815060504
2022-11-16,-0.00369444631069
2022-11-17,-0.00359346301792
2022-11-18,0.0012189503831
2022-11-21,-0.00328392176493
2022-11-22,0.00965362047851
2022-11-23,0.00658854596836
2022-11-25,0.000686756040805
2022-11-28,-0.011292768719
2022-11-29,0.00065059524603
2022-11-30,0.0219441395107
2022-12-01,0.00463724523913
2022-12-02,0.000144348165821
2022-12-05,-0.0149730737985
2022-12-06,-0.00654005756426
2022-12-07,0.00198485346989
2022-12-08,0.00419075165967
2022-12-09,-0.00493308797487
2022-12-12,0.005959296884
2022-12-13,0.00942291109719
2022-12-14,-0.00291466190137
2022-12-15,-0.0168341036951
2022-12-16,-0.00731958269361
2022-12-19,-0.00627335262341
2022-12-20,0.00111409959586
2022-12-21,0.0090627694428
2022-12-22,-0.00934215291659
2022-12-23,0.00287151336803
2022-12-27,-0.00175979014969
2022-12-28,-0.00917725879495
2022-12-29,0.0131564866836
2022-12-30,-0.00392577927106
2023-01-03,0.00177095990286
2023-01-04,0.00974787041129
2023-01-05,-0.00922957639682
2023-01-06,0.0201848314146
2023-01-09,0.00145861147207
2023-01-10,0.00297107426942
2023-01-11,0.00965060635968
2023-01-12,0.00743237338636
2023-01-13,0.00238589481632
2023-01-17,-0.00167023046171
2023-01-18,-0.00603887155393
2023-01-19,-0.00180227138863
2023-01-20,0.0087606932353
2023-01-23,0.00580013918812
2023-01-24,0.00122825269476
2023-01-25,0.00168984247427
2023-01-26,0.00457394883181
2023-01-27,0.000534504209526
2023-01-30,-0.00893494316648
2023-01-31,0.00952845573702
2023-02-01,0.00948843962821
2023-02-02,0.00502529945838
2023-02-03,-0.0125237803927
2023-02-06,-0.00623303274965
2023-02-07,0.00676528275763
2023-02-08,-0.00506920148562
2023-02-09,-0.00577272661184
2023-02-10,-0.000451417731027
2023-02-13,0.00726978221597
2023-02-14,-0.00139670698738
2023-02-15,-0.000717671443274
2023-02-16,-0.00818136865795
2023-02-17,-0.000524447356996
2023-02-21,-0.0144436480393
2023-02-22,-0.00210761118975
2023-02-23,0.00445514322645
2023-02-24,-0.0105917001555
2023-02-27,0.00426766632364
2023-02-28,-0.002281982348
2023-03-01,-0.00142852064547
2023-03-02,0.00371396645328
2023-03-03,0.0130918357422
2023-03-06,-0.00150904929604
2023-03-07,-0.01305757601
2023-03-08,0.00180532685727
2023-03-09,-0.00938301809678
2023-03-10,-0.00384701631427
2023-03-13,0.00362956756267
2023-03-14,0.00683523272245
2023-03-15,-0.00401048528211
2023-03-16,0.0086314808487
2023-03-17,-0.00316400636
2023-03-20,0.00601147959681
2023-03-21,0.00461170462235
2023-03-22,-0.00494477170207
2023-03-23,0.00357067837711
2023-03-24,0.00228365532978
2023-03-27,-0.00182376541161
2023-03-28,0.000302820482054
2023-03-29,0.00853142165506
2023-03-30,0.00644185919615
2023-03-31,0.00822855944145
2023-04-03,0.00433467268178
2023-04-04,0.000464928553499
2023-04-05,-0.00205573898777
2023-04-06,0.00193029848398
2023-04-10,-0.00194847303921
2023-04-11,0.00198144136998
2023-04-12,-0.000590362921988
2023-04-13,0.00917580677179
2023-04-14,-0.00561264245193
2023-04-17,0.000804160009617
2023-04-18,0.00139328830239
2023-04-19,-0.00165485552213
2023-04-20,-0.00127725977772
2023-04-21,-0.000937719615952
2023-04-24,0.00182383982396
2023-04-25,-0.00801960956037
2023-04-26,-0.00338816395247
2023-04-27,0.0107929975133
2023-04-28,0.00575577768765
2023-05-01,-0.00393764081771
2023-05-02,-0.00319631568762
2023-05-03,-0.000788525138754
2023-05-04,-0.00204219810483
2023-05-05,0.00887300885283
2023-05-08,-0.00123329740708
2023-05-09,-0.00242123019729
2023-05-10,0.00356542261301
2023-05-11,-0.00217479062449
2023-05-12,-0.00279637778693
2023-05-15,0.00302316850371
2023-05-16,-0.00762530687406
2023-05-17,0.00593039777562
2023-05-18,0.00101290773082
2023-05-19,0.000486194835065
2023-05-22,0.000269270630179
2023-05-23,-0.00745021457405
2023-05-24,-0.00782532384276
2023-05-25,0.00135290424733
2023-05-26,0.00883024047564
2023-05-30,0.000748711314984
2023-05-31,-0.00296984601695
2023-06-01,0.00846726525915
2023-06-02,0.00722713408806
2023-06-05,-0.00148451332401
2023-06-06,0.00324411670235
2023-06-07,-0.00472247232939
2023-06-08,0.00669651534862
2023-06-09,-0.000310266606561
2023-06-12,0.00507573020485
2023-06-13,0.00295673824761
2023-06-14,0.00178380498899
2023-06-15,0.00981423843972
2023-06-16,-0.00305118625969
2023-06-20,-0.00595324468873
2023-06-21,-0.00227195553721
2023-06-22,-0.00213875667445
2023-06-23,-0.00582406517679
2023-06-26,0.000178303493792
2023-06-27,0.00593534861124
2023-06-28,0.000666982967691
2023-06-29,-0.000116785788717
2023-06-30,0.0088150772988
2023-07-03,0.00120715202739
2023-07-05,-0.00368747896168
2023-07-06,-0.00895417673098
2023-07-07,0.00102898317628
2023-07-10,0.00256246974551
2023-07-11,0.00594595652675
2023-07-12,0.010676764192
2023-07-13,0.00807179599476
2023-07-14,-0.00289906329102
2023-07-17,0.00165992399683
2023-07-18,0.00512072165242
2023-07-19,0.00214767413536
2023-07-20,-0.00589529292879
2023-07-21,0.000216764533193
2023-07-24,0.00198606577574
2023-07-25,0.00185652426389
2023-07-26,0.00179255814328
2023-07-27,-0.00851108265344
2023-07-28,0.00816111461224
2023-07-31,0.00168919286533
2023-08-01,-0.00590699933525
2023-08-02,-0.0111682033745
2023-08-03,-0.00360419475884
2023-08-04,0.000413927183431
2023-08-07,0.00526229906982
2023-08-08,-0.00371889619664
2023-08-09,-0.00320101620412
2023-08-10,-0.00109758686419
2023-08-11,-0.00234994463866
2023-08-14,0.00092374202537
2023-08-15,-0.00902265668319
2023-08-16,-0.00645302336913
2023-08-17,-0.00500196766227
2023-08-18,0.000657613576801
2023-08-21,0.00222492758274
2023-08-22,-0.00112163917837
2023-08-23,0.0110293681302
2023-08-24,-0.00913506736882
2023-08-25,0.00385230843974
2023-08-28,0.00589050761635
2023-08-29,0.0118058815907
2023-08-30,0.00198918384355
2023-08-31,-0.00168083511034
2023-09-01,0.000380209873777
2023-09-05,-0.0058658801896
2023-09-06,-0.00467743181929
2023-09-07,-0.00126330079128
2023-09-08,0.000610827851562
2023-09-11,0.00492919750457
2023-09-12,-0.0036057383275
2023-09-13,-0.00014758062457
2023-09-14,0.00650259776272
2023-09-15,-0.00617153889316
2023-09-18,0.000183117518086
2023-09-19,-0.00209679805121
2023-09-20,-0.00487654407553
2023-09-21,-0.0141537190331
2023-09-22,0.000507822185294
2023-09-25,-0.00107575385018
2023-09-26,-0.0109396702909
2023-09-27,-0.00235223331728
2023-09-28,0.00453356649259
2023-09-29,-0.00255259442026
2023-10-02,-0.00587395512952
2023-10-03,-0.0112403686844
2023-10-04,0.00519185928947
2023-10-05,0.00145703906719
2023-10-06,0.00701688295887
2023-10-09,0.00724774162261
2023-10-10,0.00457033190199
2023-10-11,0.00508479234678
2023-10-12,-0.00723960764538
2023-10-13,0.000426633519151
2023-10-16,0.00499049888198
2023-10-17,-0.00173927040995
2023-10-18,-0.00954801901697
2023-10-19,-0.00585533490735
2023-10-20,-0.00643862383241
2023-10-23,-0.000726403279101
2023-10-24,0.00568814982093
2023-10-25,-0.0102345411108
2023-10-26,-0.0041293902051
2023-10-27,-0.00175652536501
2023-10-30,0.00666246525271
2023-10-31,0.00273781195672
2023-11-01,0.00890393590529
2023-11-02,0.0153595495376
2023-11-03,0.00941354695442
2023-11-06,-0.00173506091828
2023-11-07,0.000665597496758
2023-11-08,-0.000234003407228
2023-11-09,-0.00623261502542
2023-11-10,0.00782520531004
2023-11-13,-4.84835966282e-05
2023-11-14,0.0194799521829
2023-11-15,-0.000434381894579
2023-11-16,0.00212808306592
2023-11-17,0.0027433855978
2023-11-20,0.00510604305101
2023-11-21,-0.000900946710786
2023-11-22,0.00187233566402
2023-11-24,0.000894845398366
2023-11-27,0.000709888936444
2023-11-28,0.00354466222729
2023-11-29,0.00130362180726
2023-11-30,0.000964703735475
2023-12-01,0.00888585097454
2023-12-04,-0.00668202450506
2023-12-05,0.000138714887497
2023-12-06,-0.000775885519899
2023-12-07,0.00451190916675
2023-12-08,-0.000329001351308
2023-12-11,0.00136608406752
2023-12-12,0.00255912227861
2023-12-13,0.0157107167749
2023-12-14,0.006903212107
2023-12-15,-0.00430830510218
2023-12-18,0.00290636663456
2023-12-19,0.00568437368208
2023-12-20,-0.00881673109006
2023-12-21,0.00834653103781
2023-12-22,0.00141976849865
2023-12-26,0.00417320143855
2023-12-27,0.00391010857071
2023-12-28,-0.000694391667786
2023-12-29,-0.00236637521938
2024-01-02,-0.00530999127109
2024-01-03,-0.00658765110128
2024-01-04,-0.00225090943797
2024-01-05,8.4042564547e-05
2024-01-08,0.00875564388028
2024-01-09,-0.00279374640078
2024-01-10,0.00282291658304
2024-01-11,0.000810877030874
2024-01-12,0.00271602910247
2024-01-16,-0.00781085836129
2024-01-17,-0.0070723381976
2024-01-18,0.00591966017926
2024-01-19,0.00745483771804
2024-01-22,0.00138662419556
2024-01-23,0.000843085763504
2024-01-24,-5.70305400087e-05
2024-01-25,0.00484673981525
2024-01-26,-0.000463775480158
2024-01-29,0.00649406833919
2024-01-30,-0.000847233847475
2024-01-31,-0.00781188122447
2024-02-01,0.010724141439
2024-02-02,3.7045582403e-05
2024-02-05,-0.00569965002038
2024-02-06,0.00524216760191
2024-02-07,0.00351014434059
2024-02-08,-0.000562578055753
2024-02-09,0.00291296960853
2024-02-12,0.000165688503039
2024-02-13,-0.013815550096
2024-02-14,0.00775805439859
2024-02-15,0.00712264841313
2024-02-16,-0.00285719148564
2024-02-20,-0.00135607734955
2024-02-21,0.000197833357121
2024-02-22,0.0118397172779
2024-02-23,0.00185855599575
2024-02-26,-0.00320578901511
2024-02-27,0.000886722652312
2024-02-28,-0.000837105036062
2024-02-29,0.00335504678224
2024-03-01,0.00967167691194
2024-03-04,0.000387535076078
2024-03-05,-0.00415887015173
2024-03-06,0.00586916997641
2024-03-07,0.00737947757276
2024-03-08,-0.00186783411913
2024-03-11,-0.00130088848062
2024-03-12,0.00475628518881
2024-03-13,-0.000870377107104
2024-03-14,-0.00445780464841
2024-03-15,-0.00404072087333
2024-03-18,0.00289715867811
2024-03-19,0.0031172175215
2024-03-20,0.00815768993576
2024-03-21,0.00203774665373
2024-03-22,-0.00213119260519
2024-03-25,-0.00194073295778
2024-03-26,-0.000410263971963
2024-03-27,0.00747483134157
2024-03-28,0.00107625636822
2024-04-01,-0.00251986839797
2024-04-02,-0.00305801215468
2024-04-03,0.0023869785863
2024-04-04,-0.00732256140536
2024-04-05,0.00640857148688
2024-04-08,0.00197308825627
2024-04-09,0.00269884270805
2024-04-10,-0.0123541334559
2024-04-11,0.0062689473353
2024-04-12,-0.0110051759888
2024-04-15,-0.0065960495492
2024-04-16,-0.00387695078159
2024-04-17,-0.00269328470299
2024-04-18,-0.00122961316487
2024-04-19,-0.00338557873716
2024-04-22,0.00393399913672
2024-04-23,0.00777987932218
2024-04-24,-0.00117596379383
2024-04-25,-0.00249433603226
2024-04-26,0.00681105400456
2024-04-29,0.00367361747248
2024-04-30,-0.0135935411273
2024-05-01,-3.332702353e-05
2024-05-02,0.00854018484864
2024-05-03,0.00875473169865
2024-05-06,0.00718041246294
2024-05-07,0.000729659787794
2024-05-08,-0.00118692585721
2024-05-09,0.00681313040728
2024-05-10,0.000989614023727
2024-05-13,-0.000544415895035
2024-05-14,0.00504873126498
2024-05-15,0.01084460802
2024-05-16,-0.00233608248494
2024-05-17,0.00255241820381
2024-05-20,0.000500054185122
2024-05-21,0.000978660273113
2024-05-22,-0.00526178393606
2024-05-23,-0.00806377840283
2024-05-24,0.00479976047349
2024-05-28,0.000113834176231
2024-05-29,-0.00833973015675
2024-05-30,-0.000326711759604
2024-05-31,0.00614416848277
2024-06-03,0.00312749789762
2024-06-04,-0.000249024737536
2024-06-05,0.00892236153205
2024-06-06,0.00131574280984
2024-06-07,-0.00843023234718
2024-06-10,0.00265283819536
2024-06-11,0.000428587438856
2024-06-12,0.00746535493069
2024-06-13,-0.000571964400467
2024-06-14,0.000710440966433
2024-06-17,0.00318781860865
2024-06-18,0.00340928820691
2024-06-20,-0.000619818476503
2024-06-21,-0.00314371639698
2024-06-24,0.000409267744449
2024-06-25,0.00106609635953
2024-06-26,-0.00236590844079
2024-06-27,0.00292521625639
2024-06-28,-0.00236536107347
2024-07-01,-6.17490913228e-05
2024-07-02,0.0045553314346
2024-07-03,0.00652508088039
2024-07-05,0.0061330315784
2024-07-08,-0.00109205469928
2024-07-09,0.000107747591661
2024-07-10,0.00776735881242
2024-07-11,0.000429470082833
2024-07-12,0.00533032554579
2024-07-15,-9.11025970854e-05
2024-07-16,0.00719738828519
2024-07-17,-0.00822119313068
2024-07-18,-0.0069254976431
2024-07-19,-0.00674955996171
2024-07-22,0.0069316323349
2024-07-23,-0.00152170144582
2024-07-24,-0.0146310249674
2024-07-25,-0.00464294735915
2024-07-26,0.0101420133031
2024-07-29,-1.49491869195e-06
2024-07-30,-0.000684619208222
2024-07-31,0.0134269487679
2024-08-01,-0.0101094507219
2024-08-02,-0.0095942685148
2024-08-05,-0.0204579001404
2024-08-06,0.00338749881268
2024-08-07,-0.00327986186848
2024-08-08,0.0156659441144
2024-08-09,0.00384256371866
2024-08-12,0.00235565092524
2024-08-13,0.011300665714
2024-08-14,0.00133248898201
2024-08-15,0.00964207068204
2024-08-16,0.0048760733792
2024-08-19,0.00695266204683
2024-08-20,-0.000506232198974
2024-08-21,0.00350325146194
2024-08-22,-0.00708748279834
2024-08-23,0.0113089569024
2024-08-26,-0.00180014306995
2024-08-27,0.00157594447979
2024-08-28,-0.00472554339013
2024-08-29,0.000569109517057
2024-08-30,0.00424652557104
2024-09-03,-0.0124389839783
2024-09-04,-0.00031998299706
2024-09-05,0.000124147780614
2024-09-06,-0.0116590956275
2024-09-09,0.00825968999391
2024-09-10,0.00320382922746
2024-09-11,0.00558147677191
2024-09-12,0.00726983492106
2024-09-13,0.0049612234528
2024-09-16,0.00258009321151
2024-09-17,-0.00151277401789
2024-09-18,-0.00358865971956
2024-09-19,0.0132026206431
2024-09-20,-0.00111370959712
2024-09-23,0.0025961496284
2024-09-24,0.00529654063552
2024-09-25,-0.00349903347685
2024-09-26,0.00619677240353
2024-09-27,-0.00171550412711
2024-09-30,0.000237474520969
2024-10-01,-0.00357246357258
2024-10-02,0.000229366565796
2024-10-03,-0.00406274182122
2024-10-04,0.0037670177861
2024-10-07,-0.00610109623312
2024-10-08,0.00277113875242
2024-10-09,0.00207186452331
2024-10-10,-0.000627851810778
2024-10-11,0.00551084359844
2024-10-14,0.00393292803776
2024-10-15,-0.00485176621479
2024-10-16,0.00420737043614
2024-10-17,-0.000752102577644
2024-10-18,0.00470607196145
2024-10-21,-0.00481638859996
2024-10-22,0.000250270139806
2024-10-23,-0.0074323609298
2024-10-24,0.0027579032562
2024-10-25,-0.00120976157075
2024-10-28,0.00235792436754
2024-10-29,0.00127313298232
2024-10-30,-0.00174321872485
2024-10-31,-0.0130610566597
2024-11-01,0.000543311899741
2024-11-04,0.000662709918549
2024-11-05,0.00891649466965
2024-11-06,0.00442679319826
2024-11-07,0.0101404448846
2024-11-08,-0.000226245086562
2024-11-11,-0.00293566382798
2024-11-12,-0.00684753297176
2024-11-13,-0.00158193721884
2024-11-14,-0.00404489540898
2024-11-15,-0.00697187406558
2024-11-18,0.00574033185109
2024-11-19,0.00316462586366
2024-11-20,0.000126922228908
2024-11-21,0.00390632034136
2024-11-22,0.00391782256408
2024-11-25,0.00149363261443
2024-11-26,0.00166898172845
2024-11-27,0.000385366436607
2024-11-29,0.0062361059982
2024-12-02,-0.000318540185147
2024-12-03,0.000563310447478
2024-12-04,0.00402504436092
2024-12-05,-0.000880754004418
2024-12-06,0.00126661770355
2024-12-09,-0.00142863213145
2024-12-10,-0.00266377909465
2024-12-11,0.00527868663178
2024-12-12,-0.00636632557791
2024-12-13,-0.00252014140304
2024-12-16,0.00161067643456
2024-12-17,-0.00307069052801
2024-12-18,-0.0240220609072
2024-12-19,-0.00142114007976
2024-12-20,0.00846016455624
2024-12-23,0.00295306457813
2024-12-24,0.00693325113389
2024-12-26,0.00135295398641
2024-12-27,-0.0072983196551
2024-12-30,-0.00655566570023
2024-12-31,-0.00113883564302
2025-01-02,-0.00044337848571
2025-01-03,0.00658428144064
2025-01-06,0.0033139130368
2025-01-07,-0.00679117613932
2025-01-08,0.00129554780253
2025-01-10,-0.0112110621343
2025-01-13,-0.000627399885309
2025-01-14,0.00257098210616
2025-01-15,0.0137607141343
2025-01-16,0.00137530903514
2025-01-17,0.0053994369178
2025-01-21,0.0103038208335
2025-01-22,0.00193757951652
2025-01-23,0.00360972128854
2025-01-24,0.00056430437504
2025-01-27,-0.00745606434036
2025-01-28,0.00479298418734
2025-01-29,-0.00331297468504
2025-01-30,0.00703295435748
2025-01-31,-0.00438023245457
2025-02-03,-0.00445742589278
2025-02-04,0.0069500300881
2025-02-05,0.005322540107
2025-02-06,0.00201696100479
2025-02-07,-0.00608443664632
2025-02-10,0.00643485433445
2025-02-11,0.000115395069656
2025-02-12,-0.00250922604856
2025-02-13,0.00978756231575
2025-02-14,-0.000920789922457
2025-02-18,0.00371271679574
2025-02-19,0.000321178488039
2025-02-20,-0.000611305683028
2025-02-21,-0.00913782437582
2025-02-24,-0.0018112853311
2025-02-25,-0.00131514574665
2025-02-26,0.00115143591082
2025-02-27,-0.0118081470559
2025-02-28,0.00787335479321
2025-03-03,-0.00582617596377
2025-03-04,-0.00584380573391
2025-03-05,0.00924370571887
2025-03-06,-0.0117832935125
2025-03-07,0.00431456701158
2025-03-10,-0.0170940141002
2025-03-11,-0.00387272152357
2025-03-12,0.00349443815226
2025-03-13,-0.00559086742287
2025-03-14,0.0133258532569
2025-03-17,0.00729908888757
2025-03-18,-0.00404419811629
2025-03-19,0.00699247709129
2025-03-20,-0.00277088014898
2025-03-21,-0.00237546086547
2025-03-24,0.00805428251129
2025-03-25,0.00213840519146
2025-03-26,-0.00794046623524
2025-03-27,0.00056834621538
2025-03-28,-0.00969134888501
2025-03-31,0.00464342154171
2025-04-01,0.00232424522047
2025-04-02,0.00365054514065
2025-04-03,-0.0275183993357
2025-04-04,-0.0420883838678
2025-04-07,-0.0115189359072
2025-04-08,-0.00971048962227
2025-04-09,0.0670757550599
2025-04-10,-0.0232027331023
2025-04-11,0.0153678639349
2025-04-14,0.00766564495972
2025-04-15,0.000794884008176
2025-04-16,-0.00619057997278
2025-04-17,0.00200057778625
2025-04-21,-0.00928038838934
2025-04-22,0.0140751464459
2025-04-23,0.00506214048969
2025-04-24,0.0149897765437
2025-04-25,0.00266659038333
2025-04-28,0.00391229868649
2025-04-29,0.00290082684954
2025-04-30,-0.000750910895541
2025-05-01,-0.000468253037162
2025-05-02,0.0100407535655
2025-05-05,0.00116625043914
2025-05-06,-0.000336303521488
2025-05-07,-0.000596936522218
2025-05-08,-0.00107945513059
2025-05-09,0.00192470530548
2025-05-12,0.0125876582209
2025-05-13,0.00338994448173
2025-05-14,-0.00311558021728
2025-05-15,0.00735722220579
2025-05-16,0.00251114071406
2025-05-19,0.00327722097167
2025-05-20,0.000689466371507
2025-05-21,-0.010201111874
2025-05-22,-0.00074412140743
2025-05-23,0.000482842544164
2025-05-27,0.0108905025404
2025-05-28,-0.00497413978338
2025-05-29,0.00435679484855
2025-05-30,-0.00109268452917
2025-06-02,0.00730486435351
2025-06-03,0.000437191886581
2025-06-04,0.00297877652334
2025-06-05,-0.0033713116916
2025-06-06,0.00289319533472
2025-06-09,0.00164257966868
2025-06-10,0.00400701142222
2025-06-11,-0.000195153208973
2025-06-12,0.00539052523192
2025-06-13,-0.00693372308496
2025-06-16,0.00338072335842
2025-06-17,-0.00559995153035
2025-06-18,-0.000216468056064
2025-06-20,-0.00248421326648
2025-06-23,0.00742487752267
2025-06-24,0.0066849034891
2025-06-25,-0.000843390089151
2025-06-26,0.00589926191645
2025-06-27,0.000640929163971
2025-06-30,0.0051643304382
2025-07-01,0.0010278783997
2025-07-02,0.00323800521495
2025-07-03,0.00292733555241
2025-07-07,-0.00656939244427
2025-07-08,-0.000574246139275
2025-07-09,0.00521355893852
2025-07-10,0.00193331388353
2025-07-11,-0.00248269273523
2025-07-14,0.000925509328826
2025-07-15,-0.0048042538039
2025-07-16,0.00378440232603
2025-07-17,0.0032735791963
2025-07-18,2.97649754157e-05
2025-07-21,0.00453822643088
2025-07-22,0.00287433681344
2025-07-23,0.00543986178484
2025-07-24,-0.00198024278656
2025-07-25,0.000991148413809
2025-07-28,-0.00411374667035
2025-07-29,0.000623677349834
2025-07-30,-0.0050957598232
2025-07-31,-0.00291140191563
2025-08-01,-0.00474413714549
2025-08-04,0.0109195417111
2025-08-05,-0.00187311437382
2025-08-06,0.00429476087364
2025-08-07,0.00187682183934
2025-08-08,0.00372568069634
2025-08-11,-0.00343021934166
2025-08-12,0.00721681596305
2025-08-13,0.00409669221771
2025-08-14,-0.00215419299212
2025-08-15,-0.000454815029491
2025-08-18,-0.000639427158359
2025-08-19,-0.00277337569114
2025-08-20,0.000496314834338
2025-08-21,-0.00358201319301
2025-08-22,0.0134207278823
2025-08-25,-0.00484831356713
2025-08-26,0.00308643406396
2025-08-27,0.00141512173942
2025-08-28,0.00347202459513
2025-08-29,-0.00258630763027
2025-09-02,-0.00311719448308
2025-09-03,0.00463377796545
2025-09-04,0.00513920221209
2025-09-05,0.00256829137176
2025-09-08,0.00464848300455
2025-09-09,0.000149666260886
2025-09-10,0.00243345227382
2025-09-11,0.00681342612283
2025-09-12,-0.000999472787707
2025-09-15,0.00546058821895
2025-09-16,-0.000430272347203
2025-09-17,-0.00215469701977
2025-09-18,0.00158497038456
2025-09-19,0.00277815333432
2025-09-22,0.00504935853585
2025-09-23,-0.00179306173555
2025-09-24,-0.00444681208066
2025-09-25,-0.00325552930182
2025-09-26,0.0046542062748
2025-09-29,0.00481351570502
2025-09-30,0.00368764727969
2025-10-01,0.00364158956496
2025-10-02,0.000471114288025
2025-10-03,0.00227953395065
2025-10-06,0.00385074684585
2025-10-07,-0.00228881751329
2025-10-08,0.00557478709148
2025-10-09,-0.00574735966747
2025-10-10,-0.0153936699472
2025-10-13,0.013627950825
2025-10-14,0.00106204639917
2025-10-15,0.0064383320424
2025-10-16,0.00122402728798
2025-10-17,-7.63645710788e-06
2025-10-20,0.0123014619212
2025-10-21,-0.0106151965599
2025-10-22,-0.00227371906868
2025-10-23,0.00396402934933
2025-10-24,0.00434815719081
2025-10-27,0.00343219693653
2025-10-28,-0.000248992950025
2025-10-29,-0.00271737596084
2025-10-30,-0.00402555149012
2025-10-31,0.000702210879824
2025-11-03,0.00135741696288
2025-11-04,-0.0102558984348
2025-11-05,0.00383129261338
2025-11-06,-0.00564557113507
2025-11-07,0.00219484159244
2025-11-10,0.0132444877543
2025-11-11,0.00345562552248
2025-11-12,0.00297482333783
2025-11-13,-0.0119771085259
2025-11-14,-0.00287145613435
2025-11-17,-0.00845655221879
2025-11-18,-0.00430126019287
2025-11-19,0.00119797940964
2025-11-20,-0.00956220010152
2025-11-21,0.00741732592238
2025-11-24,0.0106414224748
2025-11-25,0.00658398452464
2025-11-26,0.0064611427938
2025-11-28,0.00493917201254
2025-12-01,-0.0034399238137
2025-12-02,0.000416108636335
2025-12-03,0.00265852556677
2025-12-04,0.000380510128412
2025-12-05,0.000741991609443
2025-12-08,-0.00280595136979
2025-12-09,-0.000250949540714
2025-12-10,0.00632721068304
2025-12-11,0.0032510179975
2025-12-12,-0.00598289972553
2025-12-15,0.000304889677557
2025-12-16,-0.00225420705409
2025-12-17,-0.00518495610199
2025-12-18,0.00499190365423
2025-12-19,0.00530045054334
2025-12-22,0.00717064985781
2025-12-23,0.00514086857409
2025-12-24,0.00199105035719
2025-12-26,0.00223920344579
2025-12-29,-0.00820164191244
2025-12-30,-0.000216593523828
2025-12-31,-0.00592353185729
