Date,Portfolio
2015-01-05,-0.00669106192443
2015-01-06,-0.00181552348379
2015-01-07,0.00652714137526
2015-01-08,0.00729725210742
2015-01-09,-0.00105443118972
2015-01-12,-0.000905569888988
2015-01-13,-0.000123082439799
2015-01-14,-0.000827785955409
2015-01-15,0.00321384742907
2015-01-16,0.00593387427653
2015-01-20,0.00284654483373
2015-01-21,0.00263434325189
2015-01-22,0.00740496704474
2015-01-23,-0.00250782478056
2015-01-26,0.00170973917551
2015-01-27,-0.00260821104139
2015-01-28,-0.0057084220355
2015-01-29,0.00206042426272
2015-01-30,-0.00428753298397
2015-02-02,0.0052007843783
2015-02-03,0.00483433622694
2015-02-04,-0.0017867859019
2015-02-05,0.00480313111458
2015-02-06,-0.0101326554858
2015-02-09,-0.00221416067482
2015-02-10,0.00341022261237
2015-02-11,-0.00236549983766
2015-02-12,0.00726669383511
2015-02-13,0.00240702477948
2015-02-17,-0.00277266937152
2015-02-18,0.00306228269792
2015-02-19,-0.00212817529889
2015-02-20,0.00358294058374
2015-02-23,0.000248807960735
2015-02-24,0.00319771546088
2015-02-25,0.000397881335239
2015-02-26,-0.00236064800862
2015-02-27,0.000656873889674
2015-03-02,-0.000132731368347
2015-03-03,-0.00321240314559
2015-03-04,-0.0030661135311
2015-03-05,0.000822012488403
2015-03-06,-0.014318850932
2015-03-09,0.00251691537669
2015-03-10,-0.00855536594818
2015-03-11,0.000189451842218
2015-03-12,0.0068537456302
2015-03-13,-0.00391382630336
2015-03-16,0.00753866823221
2015-03-17,-0.00105985464496
2015-03-18,0.0143170596822
2015-03-19,-0.00535311829344
2015-03-20,0.0100269066376
2015-03-23,0.000963495834321
2015-03-24,-0.000734793592609
2015-03-25,-0.00757648760655
2015-03-26,-0.00339632622674
2015-03-27,0.00153145984182
2015-03-30,0.00421060527974
2015-03-31,-0.00455898582562
2015-04-01,0.00381500580125
2015-04-02,0.00233965075841
2015-04-06,0.00627978785207
2015-04-07,-0.00207551426165
2015-04-08,0.00208310655745
2015-04-09,-0.000569932175576
2015-04-10,0.00284359607095
2015-04-13,-0.00277720391889
2015-04-14,0.00207779385159
2015-04-15,0.00332638521063
2015-04-16,0.000563187593584
2015-04-17,-0.00547054189903
2015-04-20,0.00169654016766
2015-04-21,0.00138897365021
2015-04-22,-0.000185830200932
2015-04-23,0.00325771128864
2015-04-24,0.00143148597017
2015-04-27,0.00135337733913
2015-04-28,0.000611929238189
2015-04-29,-0.00573018114798
2015-04-30,-0.0077510517743
2015-05-01,0.00359888091881
2015-05-04,0.00141935493414
2015-05-05,-0.00739715691904
2015-05-06,-0.00328129024977
2015-05-07,0.00158197579887
2015-05-08,0.0103651612123
2015-05-11,-0.00707531421257
2015-05-12,8.05172568592e-05
2015-05-13,0.0023845369265
2015-05-14,0.00764006790517
2015-05-15,0.00370632942616
2015-05-18,-0.0018723476989
2015-05-19,-0.00351806020494
2015-05-20,0.000782481320028
2015-05-21,0.00236413127082
2015-05-22,-0.00202297609654
2015-05-26,-0.00724148887493
2015-05-27,0.00481037004922
2015-05-28,-0.00134730335402
2015-05-29,-0.00406249943255
2015-06-01,-0.000569736218758
2015-06-02,-0.00135458365743
2015-06-03,-0.00195280476965
2015-06-04,-0.00479031163071
2015-06-05,-0.00522288254588
2015-06-08,-0.00131406063997
2015-06-09,-0.00239492917068
2015-06-10,0.00756923502652
2015-06-11,0.00314044474167
2015-06-12,-0.0038466101015
2015-06-15,-0.00192888537218
2015-06-16,0.00274495628093
2015-06-17,0.0014118422511
2015-06-18,0.00672810541201
2015-06-19,-0.0014112408689
2015-06-22,0.000912996698172
2015-06-23,-0.000724749749733
2015-06-24,-0.00353434418057
2015-06-25,-0.00227440174366
2015-06-26,-0.00138268448901
2015-06-29,-0.00960291804763
2015-06-30,-9.27578330321e-05
2015-07-01,0.00258984086096
2015-07-02,0.00111368675389
2015-07-06,-0.0031150684251
2015-07-07,0.00143927234523
2015-07-08,-0.0093524512109
2015-07-09,0.00204951623278
2015-07-10,0.00831440548199
2015-07-13,0.00314187704575
2015-07-14,0.00309101473078
2015-07-15,-0.000671683250126
2015-07-16,0.00451768070181
2015-07-17,-0.00113127575517
2015-07-20,-0.0030416461786
2015-07-21,-0.00132020110501
2015-07-22,-0.00250866584253
2015-07-23,-0.00260183785693
2015-07-24,-0.00432042563351
2015-07-27,-0.0034044535165
2015-07-28,0.00556246103237
2015-07-29,0.00319915627723
2015-07-30,-0.00115115724938
2015-07-31,0.00322760990482
2015-08-03,-0.00219595374178
2015-08-04,-0.00182147644614
2015-08-05,0.000227630538441
2015-08-06,-0.00230974608108
2015-08-07,0.000538418967664
2015-08-10,0.00658118911652
2015-08-11,-0.00382113906316
2015-08-12,-7.67904577355e-05
2015-08-13,-0.00211826569474
2015-08-14,0.00151181264645
2015-08-17,0.00207717965791
2015-08-18,-0.00311237837577
2015-08-19,-0.00174312610657
2015-08-20,-0.00839643748923
2015-08-21,-0.0135242839554
2015-08-24,-0.0223352145773
2015-08-25,-0.00526320961368
2015-08-26,0.0139838950177
2015-08-27,0.0124250212211
2015-08-28,-0.000201025362749
2015-08-31,-0.00491022459465
2015-09-01,-0.0148711931942
2015-09-02,0.00807359142554
2015-09-03,0.000612850855981
2015-09-04,-0.0099991259301
2015-09-08,0.0132038956422
2015-09-09,-0.00654850888021
2015-09-10,0.00292436348086
2015-09-11,0.00291897660405
2015-09-14,-0.00210387692751
2015-09-15,0.00363503058155
2015-09-16,0.00763718012621
2015-09-17,0.00336964172605
2015-09-18,-0.00850444621728
2015-09-21,0.000112833472975
2015-09-22,-0.00871055470141
2015-09-23,-0.00154414143715
2015-09-24,0.000305377374498
2015-09-25,-9.99970419466e-05
2015-09-28,-0.0125671863215
2015-09-29,0.00123199680238
2015-09-30,0.00947601500461
2015-10-01,0.00191564850492
2015-10-02,0.0121212479523
2015-10-05,0.00858646240548
2015-10-06,0.000700451781859
2015-10-07,0.00558168149254
2015-10-08,0.00405229827496
2015-10-09,0.00181343192929
2015-10-12,0.00137291300606
2015-10-13,-0.00448901001413
2015-10-14,0.00200519465089
2015-10-15,0.00813823100786
2015-10-16,0.000715329882745
2015-10-19,-0.000678224106207
2015-10-20,-0.00118252528384
2015-10-21,-0.00304128519908
2015-10-22,0.00879452333406
2015-10-23,0.00350176973839
2015-10-26,-0.00166126774203
2015-10-27,-0.00160315792949
2015-10-28,0.00171364860538
2015-10-29,-0.00441286492291
2015-10-30,-0.00154377071395
2015-11-02,0.00587890371544
2015-11-03,-0.00121113094982
2015-11-04,-0.00349633900238
2015-11-05,-0.000851225025417
2015-11-06,-0.00625134506212
2015-11-09,-0.00646209030629
2015-11-10,0.00141750156203
2015-11-11,-0.00100231461721
2015-11-12,-0.00658294651073
2015-11-13,-0.0051487127493
2015-11-16,0.0083286779539
2015-11-17,-0.00115210658642
2015-11-18,0.0069677912349
2015-11-19,0.00260209734711
2015-11-20,0.00115722624816
2015-11-23,-0.00208853666659
2015-11-24,0.00144126767087
2015-11-25,-0.000317524298858
2015-11-27,-0.0014011602159
2015-11-30,-0.00103613557678
2015-12-01,0.00724431684753
2015-12-02,-0.00839442361883
2015-12-03,-0.0076287799496
2015-12-04,0.0114063250568
2015-12-07,-0.00461170817448
2015-12-08,-0.00459522816506
2015-12-09,-0.00341842356983
2015-12-10,-0.000572113727939
2015-12-11,-0.00784475021788
2015-12-14,-0.000587886271941
2015-12-15,0.00438690677047
2015-12-16,0.00959698826994
2015-12-17,-0.00832084245297
2015-12-18,-0.0052450469997
2015-12-21,0.00478750575295
2015-12-22,0.00330120427518
2015-12-23,0.00682275806327
2015-12-24,5.79054880427e-05
2015-12-28,-0.00183135042992
2015-12-29,0.00395715641884
2015-12-30,-0.00461644176159
2015-12-31,-0.00453088754138
2016-01-04,-0.00641331417414
2016-01-05,0.00173102384376
2016-01-06,-0.00458631950001
2016-01-07,-0.0109117874714
2016-01-08,-0.0058502019745
2016-01-11,-0.00111346041936
2016-01-12,0.00332367687495
2016-01-13,-0.00930626982336
2016-01-14,0.00491982179503
2016-01-15,-0.0119544395584
2016-01-19,0.00204427547388
2016-01-20,-0.00722706130659
2016-01-21,0.00242361075881
2016-01-22,0.0125069914471
2016-01-25,-0.00618127741615
2016-01-26,0.00995762502535
2016-01-27,-0.00472052771341
2016-01-28,0.00170091145002
2016-01-29,0.0140332724842
2016-02-01,-0.000321945341873
2016-02-02,-0.00922702532139
2016-02-03,0.00575159921345
2016-02-04,0.00281988430247
2016-02-05,-0.00791537254726
2016-02-08,-0.00574191826814
2016-02-09,-0.00343495132149
2016-02-10,0.00174931942486
2016-02-11,-0.00196993293934
2016-02-12,0.00733032469056
2016-02-16,0.00534759140782
2016-02-17,0.00910529157895
2016-02-18,0.002130312017
2016-02-19,-0.000908230242521
2016-02-22,0.00590746480311
2016-02-23,-0.005472338432
2016-02-24,0.00141121406904
2016-02-25,0.00770475315829
2016-02-26,-0.00361054648914
2016-02-29,-0.000902778884449
2016-03-01,0.0115865754995
2016-03-02,0.00400894358692
2016-03-03,0.00578186241672
2016-03-04,0.0023073205924
2016-03-07,0.000186653794574
2016-03-08,-0.00559018243342
2016-03-09,0.00137178208389
2016-03-10,0.000986604967645
2016-03-11,0.0085744540978
2016-03-14,-0.00217776660769
2016-03-15,-0.00311959559562
2016-03-16,0.00912287806812
2016-03-17,0.0053346995211
2016-03-18,0.00128089914135
2016-03-21,-0.00149784865076
2016-03-22,-0.000728103972342
2016-03-23,-0.00606068280689
2016-03-24,-0.00160474830585
2016-03-28,0.00229500611738
2016-03-29,0.00979016241572
2016-03-30,0.00142825330912
2016-03-31,-0.000367237117408
2016-04-01,-0.000302232981266
2016-04-04,-0.00234782080249
2016-04-05,-0.00502546041174
2016-04-06,0.0053788875609
2016-04-07,-0.0044838554395
2016-04-08,0.00411800919399
2016-04-11,0.00134999608184
2016-04-12,0.00524842913855
2016-04-13,0.00523177113276
2016-04-14,-0.00244495164818
2016-04-15,0.00103627259926
2016-04-18,0.00361425450842
2016-04-19,0.0058757342173
2016-04-20,-0.00253102930508
2016-04-21,-0.00405897014841
2016-04-22,-0.00120534551715
2016-04-25,-0.00127534047696
2016-04-26,0.00188848001688
2016-04-27,0.0028542298149
2016-04-28,-0.0024435193225
2016-04-29,-0.000736092476042
2016-05-02,0.00333303817521
2016-05-03,-0.00568709349445
2016-05-04,-0.00371451421495
2016-05-05,0.000800820139392
2016-05-06,0.00228127613045
2016-05-09,-0.00212483251102
2016-05-10,0.00733608410675
2016-05-11,-0.00405613120327
2016-05-12,-0.00110064755286
2016-05-13,-0.00423069264472
2016-05-16,0.00508448585603
2016-05-17,-0.00484558980657
2016-05-18,-0.0050496949612
2016-05-19,-0.00315412770584
2016-05-20,0.00421791525303
2016-05-23,-0.00122380997935
2016-05-24,0.00486783770163
2016-05-25,0.0038495462351
2016-05-26,0.00126866997781
2016-05-27,0.000281332562587
2016-05-31,-0.000455045568792
2016-06-01,0.000212466432449
2016-06-02,0.00236648615526
2016-06-03,0.00637428830275
2016-06-06,0.00212972470831
2016-06-07,0.00277353287326
2016-06-08,0.00400111083903
2016-06-09,-0.00189060998498
2016-06-10,-0.00735790918386
2016-06-13,-0.00396095067381
2016-06-14,-0.00305091573157
2016-06-15,0.00324474228784
2016-06-16,0.000107153032841
2016-06-17,0.00113453408331
2016-06-20,0.00431025016058
2016-06-21,2.1638132961e-05
2016-06-22,-0.000222930188496
2016-06-23,0.00780687814299
2016-06-24,-0.0187337997211
2016-06-27,-0.00602045090528
2016-06-28,0.010672255075
2016-06-29,0.00918672967355
2016-06-30,0.00808502493125
2016-07-01,0.00405434455414
2016-07-05,-0.00356713189673
2016-07-06,0.00272054448302
2016-07-07,-0.00231134711881
2016-07-08,0.00962663686764
2016-07-11,0.00157564136693
2016-07-12,0.0020548035407
2016-07-13,0.00157019412124
2016-07-14,0.00176195698279
2016-07-15,-0.00284933723294
2016-07-18,0.00186449869822
2016-07-19,-0.00092293173898
2016-07-20,0.000763165872421
2016-07-21,0.000311340896965
2016-07-22,0.00141561515478
2016-07-25,-0.00268050215183
2016-07-26,0.00146231602267
2016-07-27,0.00276679122698
2016-07-28,0.000608541850158
2016-07-29,0.00518123770989
2016-08-01,-0.00211719258379
2016-08-02,-0.00398912450121
2016-08-03,0.000212836289617
2016-08-04,0.00222166528928
2016-08-05,0.000354874922188
2016-08-08,0.000744783818295
2016-08-09,0.0034073858735
2016-08-10,0.000583154658245
2016-08-11,0.000745611060029
2016-08-12,8.51777117525e-05
2016-08-15,0.00160221667475
2016-08-16,-0.00264401950247
2016-08-17,0.00127471469105
2016-08-18,0.00270601202126
2016-08-19,-0.00392629464177
2016-08-22,0.00019793576158
2016-08-23,0.0011273910963
2016-08-24,-0.00332844733056
2016-08-25,-0.000979546892054
2016-08-26,-0.00354788833646
2016-08-29,0.00425019254315
2016-08-30,-0.00213791775742
2016-08-31,-0.00216729163419
2016-09-01,0.002205243526
2016-09-02,0.00451323266028
2016-09-06,0.00643550779702
2016-09-07,8.31179242677e-05
2016-09-08,-0.0036092598782
2016-09-09,-0.0163017006598
2016-09-12,0.00657537454261
2016-09-13,-0.0117886199139
2016-09-14,0.00104575605531
2016-09-15,0.00475078378041
2016-09-16,-0.00322458018623
2016-09-19,0.0017174588573
2016-09-20,0.000919619093847
2016-09-21,0.0104435242494
2016-09-22,0.00567309837511
2016-09-23,-0.00340939712489
2016-09-26,-0.00377184002138
2016-09-27,0.00228526826385
2016-09-28,0.00346821215126
2016-09-29,-0.00612880285988
2016-09-30,0.00247564192425
2016-10-03,-0.00234651707152
2016-10-04,-0.00800564167154
2016-10-05,0.00116206628087
2016-10-06,-0.00166299807863
2016-10-07,-0.00203385530669
2016-10-10,0.00274849511049
2016-10-11,-0.00829235743327
2016-10-12,0.000908310243049
2016-10-13,-0.000503841561792
2016-10-14,-0.00105430827343
2016-10-17,-0.000227139998456
2016-10-18,0.00583576319075
2016-10-19,0.00248361356513
2016-10-20,-0.001278551112
2016-10-21,9.01176377921e-06
2016-10-24,0.00070289226154
2016-10-25,-0.000468017691918
2016-10-26,-0.00356745084292
2016-10-27,-0.0035313529934
2016-10-28,-0.000603332957214
2016-10-31,0.00180235454065
2016-11-01,-0.00348506385771
2016-11-02,-0.00292562727798
2016-11-03,-0.0018927800739
2016-11-04,-0.000773133630308
2016-11-07,0.00862043244235
2016-11-08,0.00105442073526
2016-11-09,-0.00291627592873
2016-11-10,-0.004943301283
2016-11-11,-0.00537087756445
2016-11-14,-0.00204317347392
2016-11-15,0.00482213456767
2016-11-16,-0.00214542709545
2016-11-17,0.000354055916737
2016-11-18,-0.00397315428126
2016-11-21,0.00470818604606
2016-11-22,0.002749872534
2016-11-23,-0.00412420381635
2016-11-25,0.00130348544847
2016-11-28,0.000626290266182
2016-11-29,0.00188845764438
2016-11-30,-0.00411503656666
2016-12-01,-0.00418193369166
2016-12-02,0.00265622304499
2016-12-05,0.00333496310555
2016-12-06,0.00252420208818
2016-12-07,0.00892720406371
2016-12-08,0.000431102239222
2016-12-09,-0.000377102447019
2016-12-12,-0.000714967622194
2016-12-13,0.00408419971246
2016-12-14,-0.0112905971017
2016-12-15,-0.00121260010586
2016-12-16,0.00075649186396
2016-12-19,0.00241929824766
2016-12-20,0.000662362806801
2016-12-21,-0.00104197072613
2016-12-22,-0.00161249361972
2016-12-23,0.00166275217392
2016-12-27,0.00114447424277
2016-12-28,-0.0017731809866
2016-12-29,0.00411677900787
2016-12-30,-0.000171710506656
2017-01-03,0.00493784759874
2017-01-04,0.00544080984276
2017-01-05,0.00497785861773
2017-01-06,-0.00179799226785
2017-01-09,-0.000278823612826
2017-01-10,0.000378775210469
2017-01-11,0.00285323382886
2017-01-12,0.000284368277702
2017-01-13,0.000739694998911
2017-01-17,0.00166999893677
2017-01-18,-0.00281524856455
2017-01-19,-0.00305055351834
2017-01-20,0.00264672847655
2017-01-23,0.00259197213598
2017-01-24,0.00169549916942
2017-01-25,0.00216827497184
2017-01-26,-0.00171839167507
2017-01-27,-0.000686919071692
2017-01-30,-0.00324431756871
2017-01-31,0.00321014174254
2017-02-01,-0.000729995126295
2017-02-02,0.00191108227995
2017-02-03,0.00361779172431
2017-02-06,0.000684130870874
2017-02-07,-0.000310991115882
2017-02-08,0.00314596583289
2017-02-09,0.000763175591329
2017-02-10,0.00275340822514
2017-02-13,0.00119149308533
2017-02-14,0.000140229018029
2017-02-15,0.00234910358037
2017-02-16,0.00155692621216
2017-02-17,0.000373793340076
2017-02-21,0.00352101692215
2017-02-22,8.60351073155e-05
2017-02-23,0.00234575853464
2017-02-24,0.000779993552518
2017-02-27,-0.00072289767647
2017-02-28,-0.00196905704917
2017-03-01,0.00427416569168
2017-03-02,-0.00603950789503
2017-03-03,0.00145837017819
2017-03-06,-0.00237865674034
2017-03-07,-0.00274702784829
2017-03-08,-0.00440635687618
2017-03-09,-0.00168563443144
2017-03-10,0.00332345707575
2017-03-13,0.000922402350005
2017-03-14,-0.00296668444007
2017-03-15,0.0114279140951
2017-03-16,0.000151576610151
2017-03-17,0.000905674652408
2017-03-20,0.00109886948275
2017-03-21,-0.00391022495588
2017-03-22,0.00190699376821
2017-03-23,0.000253562271778
2017-03-24,0.000459257591078
2017-03-27,0.000848253264231
2017-03-28,0.00179027020167
2017-03-29,0.00188647064131
2017-03-30,-0.00134485204356
2017-03-31,-0.000308875833361
2017-04-03,0.00175106974867
2017-04-04,7.12143895281e-05
2017-04-05,-0.00120415541133
2017-04-06,0.000655637498354
2017-04-07,-0.00114273516494
2017-04-10,0.000719180281652
2017-04-11,0.00323582829763
2017-04-12,0.000291896214679
2017-04-13,-0.00214459579225
2017-04-17,0.00419696426285
2017-04-18,-0.000237667468334
2017-04-19,-0.00323807548776
2017-04-20,0.0038738242154
2017-04-21,-0.000786856824838
2017-04-24,0.00534861550071
2017-04-25,0.00102123377938
2017-04-26,-0.000208917687928
2017-04-27,0.000104505881982
2017-04-28,-0.000241917824797
2017-05-01,-0.000147273780568
2017-05-02,0.00163614538592
2017-05-03,-0.00378129749307
2017-05-04,-0.000914961759451
2017-05-05,0.00374493806531
2017-05-08,-0.00245389564713
2017-05-09,-0.000970647051974
2017-05-10,0.00157409241492
2017-05-11,-0.000595279615427
2017-05-12,0.00184294777826
2017-05-15,0.00315433476214
2017-05-16,0.00107156018263
2017-05-17,-0.00385993989637
2017-05-18,-4.26640917773e-05
2017-05-19,0.005376906439
2017-05-22,0.00219518112168
2017-05-23,-0.000818286509279
2017-05-24,0.00257575928295
2017-05-25,0.00161872038954
2017-05-26,0.000283784100005
2017-05-30,-0.000501812779904
2017-05-31,0.000539844606101
2017-06-01,0.00394946850346
2017-06-02,0.00514087773195
2017-06-05,-0.00158770632752
2017-06-06,0.000384032923585
2017-06-07,-0.000317881931247
2017-06-08,-0.00116162659191
2017-06-09,-0.00219967675327
2017-06-12,-0.000529399753558
2017-06-13,0.00338037283963
2017-06-14,9.84149126206e-05
2017-06-15,-0.00332539728586
2017-06-16,0.00166229768707
2017-06-19,0.00200752028818
2017-06-20,-0.0037037300655
2017-06-21,0.000259894915332
2017-06-22,0.0010642300633
2017-06-23,0.0015719792496
2017-06-26,0.000839029935816
2017-06-27,-0.00440112602773
2017-06-28,0.00453241073752
2017-06-29,-0.00673514228667
2017-06-30,0.000433753032511
2017-07-03,-0.0013219756878
2017-07-05,0.000606268452221
2017-07-06,-0.00587441594207
2017-07-07,0.00118635287426
2017-07-10,0.000853999006796
2017-07-11,0.00115765439265
2017-07-12,0.00655407663615
2017-07-13,0.000642714430114
2017-07-14,0.00462920084567
2017-07-17,0.000595673094536
2017-07-18,0.00211898193555
2017-07-19,0.00327639238279
2017-07-20,0.000395338621182
2017-07-21,0.000652907510488
2017-07-24,-0.000463668441769
2017-07-25,-0.000963245756641
2017-07-26,0.00334322806659
2017-07-27,-0.00161186873785
2017-07-28,0.0012904026024
2017-07-31,0.000287435584618
2017-08-01,0.00270102088489
2017-08-02,-0.000736518467782
2017-08-03,-3.74677906031e-05
2017-08-04,-0.000399998551081
2017-08-07,0.000983893814944
2017-08-08,-0.00175903098545
2017-08-09,0.000758281986397
2017-08-10,-0.00644547474022
2017-08-11,0.000984541014146
2017-08-14,0.0039634989249
2017-08-15,-0.00188399596453
2017-08-16,0.00362485141858
2017-08-17,-0.00601987777623
2017-08-18,-0.000438013550394
2017-08-21,0.00153426002055
2017-08-22,0.0032390382412
2017-08-23,0.00107047054063
2017-08-24,-0.00176441242925
2017-08-25,0.00301419051715
2017-08-28,0.00144531271988
2017-08-29,-6.83186759384e-05
2017-08-30,0.00134717813176
2017-08-31,0.00527338994992
2017-09-01,0.000566184762948
2017-09-05,-0.000814294125812
2017-09-06,0.00156207813444
2017-09-07,0.0039445465461
2017-09-08,-0.00109341589671
2017-09-11,0.00262015583665
2017-09-12,0.000321269074114
2017-09-13,-0.00226064641167
2017-09-14,0.00147812728181
2017-09-15,0.0004645966262
2017-09-18,-0.000851804872023
2017-09-19,0.000681456152406
2017-09-20,-0.00184520425136
2017-09-21,-0.00212920079162
2017-09-22,0.000649122383361
2017-09-25,-9.36708178911e-07
2017-09-26,-0.0016047698437
2017-09-27,-0.00149350400385
2017-09-28,0.00136569537092
2017-09-29,0.00165969235321
2017-10-02,0.000413324310219
2017-10-03,0.00224954333875
2017-10-04,0.000631549559141
2017-10-05,0.00135691231515
2017-10-06,-0.000854493982858
2017-10-09,0.000740541565312
2017-10-10,0.00321995825118
2017-10-11,0.00183289539945
2017-10-12,0.000377153467494
2017-10-13,0.00336171692047
2017-10-16,-0.00120648708724
2017-10-17,-0.00120855899413
2017-10-18,-0.000437182941598
2017-10-19,0.000187479871273
2017-10-20,-0.000475540498441
2017-10-23,-0.00172886479315
2017-10-24,-0.00046034413325
2017-10-25,-0.00269585340434
2017-10-26,-0.00166366386666
2017-10-27,0.00528775453301
2017-10-30,-2.16286103539e-05
2017-10-31,0.000887782507108
2017-11-01,0.00166151658305
2017-11-02,0.00138401121946
2017-11-03,0.00035628833763
2017-11-06,0.00279134293039
2017-11-07,-0.000815906778074
2017-11-08,0.00164856953767
2017-11-09,-0.00201617363387
2017-11-10,-0.0029513392992
2017-11-13,-3.95800046148e-05
2017-11-14,-0.000667686801313
2017-11-15,-0.00237868870016
2017-11-16,0.0046828558484
2017-11-17,0.000238584936515
2017-11-20,-0.000778133057645
2017-11-21,0.00450235223584
2017-11-22,0.00202337044565
2017-11-24,0.00107652981787
2017-11-27,-0.00137659300512
2017-11-28,0.00389728205638
2017-11-29,-0.00306711693058
2017-11-30,0.00125897950495
2017-12-01,8.60624301677e-05
2017-12-04,-0.00143375761986
2017-12-05,-0.00215397815318
2017-12-06,-0.00103742361064
2017-12-07,-0.000229694227438
2017-12-08,0.00313536324106
2017-12-11,0.000970831992501
2017-12-12,0.000492134654712
2017-12-13,0.00313665884364
2017-12-14,-0.00244826380126
2017-12-15,0.00309816464903
2017-12-18,0.00433395936546
2017-12-19,-0.00394281239119
2017-12-20,-0.00141552159412
2017-12-21,0.00193710480386
2017-12-22,0.0017240360889
2017-12-26,0.000896369241531
2017-12-27,0.00229175788226
2017-12-28,0.00186005275084
2017-12-29,0.00029602480434
2018-01-02,0.0046476088528
2018-01-03,0.00306988500856
2018-01-04,0.00242462055075
2018-01-05,0.0028433258852
2018-01-08,0.000580617357544
2018-01-09,-0.00145903348401
2018-01-10,-0.00143158846455
2018-01-11,0.0038058230853
2018-01-12,0.00473948683664
2018-01-16,-0.00102355590127
2018-01-17,0.00349212287344
2018-01-18,-0.00240035639455
2018-01-19,0.00250925595824
2018-01-22,0.00421098311835
2018-01-23,0.00329356612567
2018-01-24,0.00139000782524
2018-01-25,-0.000555718733341
2018-01-26,0.00479956036673
2018-01-29,-0.00618245560726
2018-01-30,-0.00642406664829
2018-01-31,0.00198619951953
2018-02-01,-0.00250862626973
2018-02-02,-0.013666826197
2018-02-05,-0.01951385381
2018-02-06,0.00744662337429
2018-02-07,-0.00656032476325
2018-02-08,-0.0179216936211
2018-02-09,0.00649716430182
2018-02-12,0.00744826337041
2018-02-13,0.00173499298792
2018-02-14,0.0078510681048
2018-02-15,0.00654359179882
2018-02-16,0.00107478431939
2018-02-20,-0.00610835895794
2018-02-21,-0.00462348157602
2018-02-22,0.00234207884762
2018-02-23,0.0087556684864
2018-02-26,0.00582766395009
2018-02-27,-0.0104233880205
2018-02-28,-0.00448210429783
2018-03-01,-0.00565212308643
2018-03-02,0.00190365266433
2018-03-05,0.00436524160945
2018-03-06,0.00349597594904
2018-03-07,-0.000660422162971
2018-03-08,0.00236037450757
2018-03-09,0.00700072004787
2018-03-12,0.000622038379483
2018-03-13,-0.00270888048211
2018-03-14,-0.000676937114395
2018-03-15,-0.00122349844736
2018-03-16,-0.000219995101582
2018-03-19,-0.00638909393432
2018-03-20,-0.000126317057006
2018-03-21,0.00156845825818
2018-03-22,-0.0116725330579
2018-03-23,-0.00834114154142
2018-03-26,0.0128565021774
2018-03-27,-0.00613975669242
2018-03-28,-0.000536097690724
2018-03-29,0.00718387750474
2018-04-02,-0.00894073513397
2018-04-03,0.00459442807552
2018-04-04,0.00437542391153
2018-04-05,0.00243980154564
2018-04-06,-0.00777863515321
2018-04-09,0.00310040147452
2018-04-10,0.00723777366538
2018-04-11,-0.000967059780567
2018-04-12,0.000474043768379
2018-04-13,-0.000169723716868
2018-04-16,0.00321071743144
2018-04-17,0.00496000215489
2018-04-18,0.000429413418225
2018-04-19,-0.0044266017449
2018-04-20,-0.00617045384515
2018-04-23,-0.00157338228631
2018-04-24,-0.00489913806071
2018-04-25,-0.00123697375759
2018-04-26,0.00579788897691
2018-04-27,0.00254925556689
2018-04-30,-0.00423176396046
2018-05-01,-0.000571500210071
2018-05-02,-0.00269493662085
2018-05-03,0.000514997858136
2018-05-04,0.00558624020113
2018-05-07,0.00107750895219
2018-05-08,-0.000466702600277
2018-05-09,0.00308672886967
2018-05-10,0.00671232017263
2018-05-11,0.000836806325048
2018-05-14,-0.000798990105952
2018-05-15,-0.00830348455353
2018-05-16,0.0016460028496
2018-05-17,-0.00136307686137
2018-05-18,-0.00062930798486
2018-05-21,0.00432705021964
2018-05-22,-0.000802149335674
2018-05-23,0.000932620758118
2018-05-24,0.000292653887707
2018-05-25,-0.000675665483988
2018-05-29,-0.00468643225503
2018-05-30,0.00637263184824
2018-05-31,-0.00318748438145
2018-06-01,0.00367125611414
2018-06-04,0.00203071509956
2018-06-05,0.000383502922034
2018-06-06,0.0037294371345
2018-06-07,-0.000722424447888
2018-06-08,0.00093094684997
2018-06-11,0.00110796532283
2018-06-12,-0.000651722705209
2018-06-13,-0.00228477660264
2018-06-14,0.00170398726538
2018-06-15,-0.00320628620929
2018-06-18,-0.00227808270099
2018-06-19,-0.00308864507545
2018-06-20,0.000257087760824
2018-06-21,-0.00311805797175
2018-06-22,0.00344124483976
2018-06-25,-0.00729391666426
2018-06-26,0.000740910500116
2018-06-27,-0.00473284693195
2018-06-28,0.00265871712815
2018-06-29,0.00289795495437
2018-07-02,-0.00297586508468
2018-07-03,0.00147246677358
2018-07-05,0.00453415117391
2018-07-06,0.00463355200069
2018-07-09,0.00428612169054
2018-07-10,0.000832581676539
2018-07-11,-0.0067199167929
2018-07-12,0.00543769072714
2018-07-13,0.000550679561361
2018-07-16,-0.00135645467358
2018-07-17,0.000200830703295
2018-07-18,0.000258678513883
2018-07-19,-0.00156310132066
2018-07-20,0.000500863528866
2018-07-23,-0.00181013052877
2018-07-24,0.00339793531003
2018-07-25,0.00546027547347
2018-07-26,-0.00271354147306
2018-07-27,-0.00173081961732
2018-07-30,-0.00224856672249
2018-07-31,0.00336383941968
2018-08-01,-0.00234260567951
2018-08-02,-0.000589207349047
2018-08-03,0.00348774845021
2018-08-06,-0.000375361655916
2018-08-07,0.0018738512832
2018-08-08,-0.000196221180123
2018-08-09,-0.000205179181015
2018-08-10,-0.00521319304351
2018-08-13,-0.00416270520715
2018-08-14,0.00241530383956
2018-08-15,-0.00654746605925
2018-08-16,0.00418310556514
2018-08-17,0.00398859335609
2018-08-20,0.00281449500784
2018-08-21,0.0018277470699
2018-08-22,0.00122001214352
2018-08-23,-0.00338553088396
2018-08-24,0.00594572196602
2018-08-27,0.00483020031439
2018-08-28,-0.00123608905991
2018-08-29,0.00312827894715
2018-08-30,-0.00433401835487
2018-08-31,-0.000559192048962
2018-09-04,-0.00469074389092
2018-09-05,-0.0019861055241
2018-09-06,-0.000524041873501
2018-09-07,-0.00413635900582
2018-09-10,0.0011623107062
2018-09-11,0.000509106089988
2018-09-12,0.00217935680019
2018-09-13,0.00328279544877
2018-09-14,-0.00131919788537
2018-09-17,-0.00113025549067
2018-09-18,0.00222563313464
2018-09-19,0.000725206864445
2018-09-20,0.00565244336124
2018-09-21,-0.000546323912684
2018-09-24,-0.00354556831592
2018-09-25,0.000726857463902
2018-09-26,-0.000983263770011
2018-09-27,6.29832611345e-05
2018-09-28,-0.000274126969644
2018-10-01,0.000476902417528
2018-10-02,-6.80916332788e-05
2018-10-03,-0.00335834942139
2018-10-04,-0.00669906140492
2018-10-05,-0.0031954954927
2018-10-08,-0.00119735517383
2018-10-09,-0.000340666326569
2018-10-10,-0.0147336287114
2018-10-11,-0.00662966846007
2018-10-12,0.00517870619271
2018-10-15,-0.00137937208815
2018-10-16,0.0109246357436
2018-10-17,-0.00243872337897
2018-10-18,-0.00779643896036
2018-10-19,0.00119911499325
2018-10-22,-0.00251567803655
2018-10-23,-0.00205128231135
2018-10-24,-0.0121937261479
2018-10-25,0.00735206935232
2018-10-26,-0.00633629838793
2018-10-29,-0.003161848935
2018-10-30,0.00648977847819
2018-10-31,0.00308586541776
2018-11-01,0.00881633561596
2018-11-02,-0.00288562123636
2018-11-05,0.00259020638323
2018-11-06,0.00235578381586
2018-11-07,0.0100084956624
2018-11-08,-0.00403099120555
2018-11-09,-0.00526710599084
2018-11-12,-0.00877341364392
2018-11-13,0.000678195776036
2018-11-14,-0.000599570800811
2018-11-15,0.00469912436042
2018-11-16,0.00322803469591
2018-11-19,-0.00670619891158
2018-11-20,-0.0099863647135
2018-11-21,0.00440246534968
2018-11-23,-0.00373126181852
2018-11-26,0.00689811815498
2018-11-27,0.000546787652905
2018-11-28,0.0113957693178
2018-11-29,-0.000739731156078
2018-11-30,0.00170599118211
2018-12-03,0.00861258333334
2018-12-04,-0.0134286586411
2018-12-06,-0.000223818077592
2018-12-07,-0.00856430421734
2018-12-10,-0.00189426218162
2018-12-11,0.000204707134375
2018-12-12,0.00340987321842
2018-12-13,-0.000101729213041
2018-12-14,-0.00830645763311
2018-12-17,-0.00788300328073
2018-12-18,0.00191154269479
2018-12-19,-0.00717540273704
2018-12-20,-0.0043487277387
2018-12-21,-0.0101236712287
2018-12-24,-0.00928312967284
2018-12-26,0.0184144691624
2018-12-27,0.00357913160162
2018-12-28,0.00303701095322
2018-12-31,0.00394058553212
2019-01-02,-0.000209528619898
2019-01-03,-0.0059885210532
2019-01-04,0.0142780604701
2019-01-07,0.00314983258424
2019-01-08,0.00462611757781
2019-01-09,0.00486156774202
2019-01-10,0.00182045538791
2019-01-11,-0.000140611029085
2019-01-14,-0.00336325228468
2019-01-15,0.00498310788807
2019-01-16,0.00249545740701
2019-01-17,0.00282805882354
2019-01-18,0.00479018355996
2019-01-22,-0.00670645764821
2019-01-23,0.0018923573764
2019-01-24,0.00152871829265
2019-01-25,0.00670653675846
2019-01-28,-0.00289875142837
2019-01-29,0.00198701758727
2019-01-30,0.00936461917037
2019-01-31,0.00517190815934
2019-02-01,-0.00194862099579
2019-02-04,0.00219778995079
2019-02-05,0.0042456083595
2019-02-06,-0.00303530871744
2019-02-07,-0.00411006916022
2019-02-08,0.000630505489912
2019-02-11,-0.00123848949083
2019-02-12,0.00611454252418
2019-02-13,-7.11932739151e-05
2019-02-14,0.00104098022701
2019-02-15,0.00622584217989
2019-02-19,0.00366491080372
2019-02-20,0.00094746185872
2019-02-21,-0.0034595217124
2019-02-22,0.0045783737328
2019-02-25,0.000817514795062
2019-02-26,0.000851491776286
2019-02-27,-0.00283642002604
2019-02-28,-0.00268431518358
2019-03-01,0.000316613321522
2019-03-04,-0.00090629337497
2019-03-05,0.000731416805086
2019-03-06,-0.00218306799021
2019-03-07,-0.00435715553588
2019-03-08,0.000469542355049
2019-03-11,0.0068351834523
2019-03-12,0.00298890144367
2019-03-13,0.00405190995642
2019-03-14,-0.00214079477513
2019-03-15,0.00494083550402
2019-03-18,0.00178849416851
2019-03-19,0.000382782526811
2019-03-20,0.00158463212683
2019-03-21,0.00410679450278
2019-03-22,-0.00843494301459
2019-03-25,0.00145821373969
2019-03-26,0.00304600437665
2019-03-27,-0.00224883406621
2019-03-28,0.000608812289283
2019-03-29,0.0029291751192
2019-04-01,0.00398982241022
2019-04-02,0.00126709036503
2019-04-03,0.000831603745643
2019-04-04,0.00129133216643
2019-04-05,0.00267855635974
2019-04-08,0.000155934860394
2019-04-09,-0.00191548463819
2019-04-10,0.00345250809537
2019-04-11,-0.0028598143191
2019-04-12,0.00266813045677
2019-04-15,-0.000714228060901
2019-04-16,-0.00197112819726
2019-04-17,-0.00100603490689
2019-04-18,0.00144608758276
2019-04-22,-0.00114952062947
2019-04-23,0.00428463657763
2019-04-24,-0.000942020919616
2019-04-25,-0.000549113469751
2019-04-26,0.00404258973977
2019-04-29,-0.00065750233357
2019-04-30,0.00147419810755
2019-05-01,-0.00420906337421
2019-05-02,-0.00212615274961
2019-05-03,0.00668339943011
2019-05-06,-0.00318299177461
2019-05-07,-0.00843926760873
2019-05-08,-0.000985649255434
2019-05-09,-0.00184324081937
2019-05-10,0.00368277047176
2019-05-13,-0.010529617485
2019-05-14,0.00482253037122
2019-05-15,0.00357914577601
2019-05-16,0.00246972275579
2019-05-17,-0.00442661227828
2019-05-20,-0.00404697180211
2019-05-21,0.00441490660675
2019-05-22,-0.000983592500808
2019-05-23,-0.00349078880117
2019-05-24,0.00266800329135
2019-05-28,-0.00399427588
2019-05-29,-0.0030865134019
2019-05-30,0.00355646230377
2019-05-31,-0.00123363014358
2019-06-03,0.00287468127033
2019-06-04,0.00763490607831
2019-06-05,0.00340360957431
2019-06-06,0.00294335500986
2019-06-07,0.0070644995142
2019-06-10,-0.000140615199515
2019-06-11,0.00109293062078
2019-06-12,-0.00109309205548
2019-06-13,0.00289625984945
2019-06-14,-0.0020372459149
2019-06-17,0.000744416876301
2019-06-18,0.00779046298581
2019-06-19,0.00397544771222
2019-06-20,0.00870347680584
2019-06-21,-0.00235378282817
2019-06-24,0.00198215067615
2019-06-25,-0.00480527862469
2019-06-26,-0.00244215174282
2019-06-27,0.0031884956104
2019-06-28,0.00280649693463
2019-07-01,0.00212146329044
2019-07-02,0.00492453708869
2019-07-03,0.00464838813817
2019-07-05,-0.00464624907938
2019-07-08,-0.00340642771324
2019-07-09,-9.70200170392e-06
2019-07-10,0.0045788354156
2019-07-11,-0.0022718169313
2019-07-12,0.00250854279286
2019-07-15,0.00105374083576
2019-07-16,-0.00323616752709
2019-07-17,0.000115785796379
2019-07-18,0.00396102410309
2019-07-19,-0.00504576973264
2019-07-22,0.00107212146087
2019-07-23,0.00261913132789
2019-07-24,0.00260690321974
2019-07-25,-0.00479601879237
2019-07-26,0.00288237913838
2019-07-29,0.000348208242512
2019-07-30,-0.00194487442646
2019-07-31,-0.00586482266935
2019-08-01,0.00124857308611
2019-08-02,-0.00373984151933
2019-08-05,-0.0122220877003
2019-08-06,0.00818230188115
2019-08-07,0.00294254701461
2019-08-08,0.00968119587126
2019-08-09,-0.00445070630016
2019-08-12,-0.00296735790636
2019-08-13,0.00530469118772
2019-08-14,-0.0127712603786
2019-08-15,0.00437208381794
2019-08-16,0.00590799924293
2019-08-19,0.0025174624286
2019-08-20,-0.00108604784886
2019-08-21,0.00344500569674
2019-08-22,-0.00193069112344
2019-08-23,-0.00701958114084
2019-08-26,0.00494719060547
2019-08-27,0.00102578649929
2019-08-28,0.00229291345431
2019-08-29,0.0047822033875
2019-08-30,0.000682517648433
2019-09-03,-0.000493426935359
2019-09-04,0.00800553686019
2019-09-05,0.000845836686783
2019-09-06,0.00032478065737
2019-09-09,-0.00170972729193
2019-09-10,-0.00302020820804
2019-09-11,0.00401470188156
2019-09-12,0.00209366036693
2019-09-13,-0.00288341479489
2019-09-16,-3.54882091388e-05
2019-09-17,0.0027721065614
2019-09-18,-0.00114909071491
2019-09-19,0.00127374710656
2019-09-20,0.000970574460786
2019-09-23,0.000805057679193
2019-09-24,-0.0021360099916
2019-09-25,-0.00185683026945
2019-09-26,0.000635805040519
2019-09-27,-0.00342397362693
2019-09-30,0.000891875639926
2019-10-01,-0.00461351136085
2019-10-02,-0.00707762115458
2019-10-03,0.00649348437122
2019-10-04,0.00637591695206
2019-10-07,-0.00384690317513
2019-10-08,-0.00561767646362
2019-10-09,0.00409660444302
2019-10-10,0.00122483365888
2019-10-11,0.00424820443871
2019-10-14,0.000112193223712
2019-10-15,0.00308609978605
2019-10-16,0.000953079184109
2019-10-17,0.0019029245858
2019-10-18,-0.00105967820812
2019-10-21,0.00221455603135
2019-10-22,-0.000577121569414
2019-10-23,0.00220360270503
2019-10-24,0.0014520884357
2019-10-25,0.000902379910402
2019-10-28,0.000621043457619
2019-10-29,-0.000555781078802
2019-10-30,0.00368047901806
2019-10-31,0.000853315879914
2019-11-01,0.00499032755867
2019-11-04,0.000700190012905
2019-11-05,-0.00394857119136
2019-11-06,0.00112224372476
2019-11-07,-0.00196759040313
2019-11-08,-0.00103795991045
2019-11-11,-0.000962842569312
2019-11-12,0.000440316476026
2019-11-13,0.000784752865644
2019-11-14,0.00228897512577
2019-11-15,0.00321732135304
2019-11-18,0.00155465071724
2019-11-19,0.00036011886364
2019-11-20,-0.0011735996662
2019-11-21,-0.00251079072396
2019-11-22,0.000500896769617
2019-11-25,0.00395450989231
2019-11-26,0.00228160092069
2019-11-27,0.00105552836556
2019-11-29,-0.00296018056984
2019-12-02,-0.00470524618829
2019-12-03,0.000613486657731
2019-12-04,0.00288382478001
2019-12-05,0.000206243481493
2019-12-06,0.00269807018513
2019-12-09,-0.00166917158888
2019-12-10,-0.000300936348976
2019-12-11,0.00366061741656
2019-12-12,0.0015656166825
2019-12-13,0.00301979833073
2019-12-16,0.00339146286394
2019-12-17,-0.000488742099457
2019-12-18,-0.000188871344072
2019-12-19,0.00247542804311
2019-12-20,0.00199840022058
2019-12-23,0.000510846612529
2019-12-24,0.00136337083808
2019-12-26,0.00410088532019
2019-12-27,0.000947282246155
2019-12-30,-0.0028571913131
2019-12-31,0.00138760135877
2020-01-02,0.00669869423619
2020-01-03,-0.00186263361952
2020-01-06,0.00228544820697
2020-01-07,-0.00176783584234
2020-01-08,0.000880926564163
2020-01-09,0.00257034050286
2020-01-10,0.000562146109052
2020-01-13,0.00321663125931
2020-01-14,-0.000425115568333
2020-01-15,0.00189462350134
2020-01-16,0.00351854937811
2020-01-17,0.00146863953065
2020-01-21,-0.00132201598708
2020-01-22,0.000475833307219
2020-01-23,0.000806874613738
2020-01-24,-0.00237986417774
2020-01-27,-0.00769320186157
2020-01-28,0.00345361486904
2020-01-29,0.00149324220195
2020-01-30,0.000209403190452
2020-01-31,-0.00747216064044
2020-02-03,0.00225360490165
2020-02-04,0.0059334669843
2020-02-05,0.00452073677169
2020-02-06,0.00249919240097
2020-02-07,-0.00231252513052
2020-02-10,0.00423940399522
2020-02-11,0.00162563384423
2020-02-12,0.00295317396452
2020-02-13,-0.000780129794214
2020-02-14,0.00170924658062
2020-02-18,-0.000267091749158
2020-02-19,0.0022898419683
2020-02-20,-0.00120716697031
2020-02-21,-0.00147235602666
2020-02-24,-0.0157543090311
2020-02-25,-0.0146056720038
2020-02-26,-0.00104620020414
2020-02-27,-0.0207227625059
2020-02-28,-0.00442469356874
2020-03-02,0.017757633486
2020-03-03,-0.00397231464022
2020-03-04,0.0187261423957
2020-03-05,-0.0120997102066
2020-03-06,-0.00592540032821
2020-03-09,-0.0422913383015
2020-03-10,0.0158677054038
2020-03-11,-0.0321754417458
2020-03-12,-0.0655334037414
2020-03-13,0.0386404116602
2020-03-16,-0.0557270381359
2020-03-17,0.0167915418996
2020-03-18,-0.0428423790241
2020-03-19,0.00712118404751
2020-03-20,-0.00569799266706
2020-03-23,0.00108288077971
2020-03-24,0.0479404678989
2020-03-25,0.013731362975
2020-03-26,0.0290174014676
2020-03-27,-0.0137948221159
2020-03-30,0.0133477750183
2020-03-31,-0.00969279752781
2020-04-01,-0.0219844699186
2020-04-02,0.0141471177362
2020-04-03,-0.00789213171028
2020-04-06,0.0376080273787
2020-04-07,0.00120956841279
2020-04-08,0.0147472676167
2020-04-09,0.0165613379577
2020-04-13,-0.00557964304593
2020-04-14,0.01564171022
2020-04-15,-0.0138424847438
2020-04-16,0.00121653548314
2020-04-17,0.0125766468869
2020-04-20,-0.00969884977115
2020-04-21,-0.015196683946
2020-04-22,0.0138007820698
2020-04-23,0.000567561562227
2020-04-24,0.00592933692682
2020-04-27,0.00725578407021
2020-04-28,0.00115077287163
2020-04-29,0.0151357503736
2020-04-30,-0.0103000563292
2020-05-01,-0.0147141385409
2020-05-04,0.00192843453855
2020-05-05,0.00388796928553
2020-05-06,-0.00666168813164
2020-05-07,0.0100207359063
2020-05-08,0.00826898557445
2020-05-11,-0.00260994355279
2020-05-12,-0.0092770754744
2020-05-13,-0.00641377533484
2020-05-14,0.00450739906841
2020-05-15,0.001317520337
2020-05-18,0.0181505527562
2020-05-19,-0.00455522209489
2020-05-20,0.00989844916564
2020-05-21,-0.00557454921326
2020-05-22,0.000734002640088
2020-05-26,0.00903768365275
2020-05-27,0.00783595843366
2020-05-28,0.000631054573286
2020-05-29,0.00309037453083
2020-06-01,0.00729615068328
2020-06-02,0.0049373504046
2020-06-03,0.00702599715142
2020-06-04,-0.00295165568194
2020-06-05,0.0115363952131
2020-06-08,0.00870468885716
2020-06-09,-0.00391405092516
2020-06-10,0.000206511281768
2020-06-11,-0.0326016662262
2020-06-12,0.00903789908273
2020-06-15,0.00418685124704
2020-06-16,0.00832551708049
2020-06-17,-0.00106129600264
2020-06-18,-0.000673950161772
2020-06-19,-0.00178927386464
2020-06-22,0.00480614991452
2020-06-23,0.00323405494172
2020-06-24,-0.0138974542076
2020-06-25,0.00627236031336
2020-06-26,-0.00993819010804
2020-06-29,0.00737647590926
2020-06-30,0.00445533178612
2020-07-01,0.003962462234
2020-07-02,0.00491035243829
2020-07-06,0.0099140379006
2020-07-07,-0.00575576421452
2020-07-08,0.00516124478879
2020-07-09,-0.00303628373081
2020-07-10,0.0035121401436
2020-07-13,-0.00392310905738
2020-07-14,0.00720954590092
2020-07-15,0.0050426231184
2020-07-16,-0.00389742829122
2020-07-17,0.00357235729328
2020-07-20,0.00430972442333
2020-07-21,0.00328632578603
2020-07-22,0.00441086932045
2020-07-23,-0.00420656250638
2020-07-24,-0.00242081470484
2020-07-27,0.00724861642971
2020-07-28,-0.000908961721313
2020-07-29,0.00841322781632
2020-07-30,-0.00448765813027
2020-07-31,0.000275213161224
2020-08-03,0.00462271470558
2020-08-04,0.00662291195508
2020-08-05,0.00318048408639
2020-08-06,0.00428964732154
2020-08-07,-0.00292580310201
2020-08-10,0.00085953444993
2020-08-11,-0.00921831526252
2020-08-12,0.00725660571289
2020-08-13,-0.000829101671239
2020-08-14,-0.00150882217647
2020-08-17,0.0057420798497
2020-08-18,0.00212549021031
2020-08-19,-0.00728605398592
2020-08-20,0.0020627950685
2020-08-21,0.000333677801497
2020-08-24,0.00508991427076
2020-08-25,0.00145660697896
2020-08-26,0.00496738578959
2020-08-27,-0.00277416027201
2020-08-28,0.00625130035306
2020-08-31,-0.0027755062773
2020-09-01,0.00503974332556
2020-09-02,0.0062108928906
2020-09-03,-0.0160863678873
2020-09-04,-0.00394201758971
2020-09-08,-0.0111726385856
2020-09-09,0.0104202202667
2020-09-10,-0.00826596200721
2020-09-11,0.00198895863595
2020-09-14,0.00757347494347
2020-09-15,0.003355362903
2020-09-16,-0.00094467623872
2020-09-17,-0.00388365637603
2020-09-18,-0.00621527207693
2020-09-21,-0.0107810294584
2020-09-22,0.00273550878537
2020-09-23,-0.0131947148217
2020-09-24,0.00113530529772
2020-09-25,0.00616019111139
2020-09-28,0.0100429610352
2020-09-29,-0.0011780167576
2020-09-30,0.00143158698557
2020-10-01,0.00540049302409
2020-10-02,-0.00324719411795
2020-10-05,0.00762134505396
2020-10-06,-0.00679714237317
2020-10-07,0.00670077227164
2020-10-08,0.0060075171809
2020-10-09,0.00567085011895
2020-10-12,0.00661052419399
2020-10-13,-0.00605719165725
2020-10-14,-0.0026337628944
2020-10-15,-0.0021111029755
2020-10-16,-0.00034875349797
2020-10-19,-0.00669311430314
2020-10-20,0.00296896194297
2020-10-21,-0.000758108283927
2020-10-22,5.75413868735e-05
2020-10-23,0.00278057457702
2020-10-26,-0.00930919898604
2020-10-27,-0.00173502361913
2020-10-28,-0.0190725663534
2020-10-29,0.00352724528855
2020-10-30,-0.00529109199261
2020-11-02,0.00864189447719
2020-11-03,0.0104443333951
2020-11-04,0.0121730934317
2020-11-05,0.0131862295842
2020-11-06,-0.000732998517765
2020-11-09,0.00403017492915
2020-11-10,0.000644974298499
2020-11-11,0.00398618912489
2020-11-12,-0.00431448192838
2020-11-13,0.00906161975038
2020-11-16,0.00692687486784
2020-11-17,-0.00140901730594
2020-11-18,-0.00620246530548
2020-11-19,0.00293010017288
2020-11-20,-0.000755742812367
2020-11-23,-9.22248569499e-05
2020-11-24,0.00670645083162
2020-11-25,-0.00100119761274
2020-11-27,0.00206482466344
2020-11-30,-0.00676896964519
2020-12-01,0.0092236482887
2020-12-02,0.000844857127327
2020-12-03,0.00288726380965
2020-12-04,0.0038141687472
2020-12-07,8.42767201226e-05
2020-12-08,0.00175682200422
2020-12-09,-0.00563846922281
2020-12-10,0.00132365934113
2020-12-11,-0.000651729400668
2020-12-14,-0.00243926809651
2020-12-15,0.00868916154937
2020-12-16,0.00170691718146
2020-12-17,0.00457815260056
2020-12-18,-0.00363099126665
2020-12-21,-0.00400335798939
2020-12-22,-0.00133011258076
2020-12-23,0.00251536239368
2020-12-24,0.00245048445608
2020-12-28,0.00361958713822
2020-12-29,0.001101439752
2020-12-30,0.00272486706499
2020-12-31,0.00153666668165
2021-01-04,-0.00250785609583
2021-01-05,0.00485117066439
2021-01-06,-0.000295062299271
2021-01-07,0.00442170579885
2021-01-08,0.000640760271907
2021-01-11,-0.00613444015578
2021-01-12,0.00229912974619
2021-01-13,0.00197826568111
2021-01-14,0.000258955511229
2021-01-15,-0.00537398118307
2021-01-19,0.00549926127052
2021-01-20,0.00893663847641
2021-01-21,2.34459403348e-05
2021-01-22,-0.00307853540305
2021-01-25,0.00287687522789
2021-01-26,-0.000789471326485
2021-01-27,-0.0137926615094
2021-01-28,0.00409941303283
2021-01-29,-0.0116041730454
2021-02-01,0.0107192714183
2021-02-02,0.00529490759877
2021-02-03,5.14953900264e-05
2021-02-04,0.00165769546932
2021-02-05,0.00335498334097
2021-02-08,0.00497494879363
2021-02-09,0.00191075672069
2021-02-10,0.000738934118828
2021-02-11,0.000917950615152
2021-02-12,0.00117846322658
2021-02-16,-0.00281679177512
2021-02-17,-0.00146821166008
2021-02-18,-0.00351713765724
2021-02-19,-7.23716429465e-05
2021-02-22,-0.00324383751128
2021-02-23,0.000959012575488
2021-02-24,0.0036920433189
2021-02-25,-0.0175950041213
2021-02-26,-0.00450839192349
2021-03-01,0.0114165944594
2021-03-02,-0.00239200653291
2021-03-03,-0.00770302525338
2021-03-04,-0.00909146999411
2021-03-05,0.00738457452622
2021-03-08,-0.00558573321944
2021-03-09,0.0112493537111
2021-03-10,0.00421385147481
2021-03-11,0.00610792097527
2021-03-12,-0.00150445138425
2021-03-15,0.00382742743583
2021-03-16,-3.19890938776e-05
2021-03-17,0.00239637326281
2021-03-18,-0.00945476652978
2021-03-19,0.000350045749648
2021-03-22,0.00352072261249
2021-03-23,-0.00519753975221
2021-03-24,-0.00274321713368
2021-03-25,0.00261281070424
2021-03-26,0.0088598213365
2021-03-29,-0.00344615220314
2021-03-30,-0.00243930644561
2021-03-31,0.00208616262577
2021-04-01,0.00912295013638
2021-04-05,0.00599827444128
2021-04-06,0.000871872977042
2021-04-07,-0.000697051591615
2021-04-08,0.00464494048667
2021-04-09,0.000725182287789
2021-04-12,-0.00143244949596
2021-04-13,0.0040450696737
2021-04-14,-0.00160274046396
2021-04-15,0.0090197563092
2021-04-16,0.0019785583623
2021-04-19,-0.00256503522394
2021-04-20,-0.00370779702928
2021-04-21,0.00624402928366
2021-04-22,-0.00422902249464
2021-04-23,0.00544250911678
2021-04-26,0.0011051315168
2021-04-27,-0.0015890030055
2021-04-28,0.00129703283499
2021-04-29,0.00170218698139
2021-04-30,-0.00467142045046
2021-05-03,0.0038097506142
2021-05-04,-0.00484896716515
2021-05-05,0.00214410802427
2021-05-06,0.0060763856209
2021-05-07,0.00601935463398
2021-05-10,-0.00488668246415
2021-05-11,-0.00594677547804
2021-05-12,-0.0137695698071
2021-05-13,0.00639968768778
2021-05-14,0.0101363830029
2021-05-17,0.000108776663016
2021-05-18,-0.00143739235296
2021-05-19,-0.00326295285702
2021-05-20,0.00764021055704
2021-05-21,-0.000589239518608
2021-05-24,0.00562841945332
2021-05-25,0.00177382129358
2021-05-26,0.000695507039026
2021-05-27,4.64555425472e-05
2021-05-28,0.00194501197974
2021-06-01,0.00224356931016
2021-06-02,0.00240446759299
2021-06-03,-0.00551137065667
2021-06-04,0.00732894567851
2021-06-07,0.000511880780912
2021-06-08,0.000587958112586
2021-06-09,-0.000482909681481
2021-06-10,0.00404428191498
2021-06-11,-0.00114771206474
2021-06-14,-0.000119345014776
2021-06-15,-0.00159264192941
2021-06-16,-0.00710102868846
2021-06-17,-0.00277541849154
2021-06-18,-0.00757913954273
2021-06-21,0.00784091731026
2021-06-22,0.00156200003269
2021-06-23,-0.00133360965795
2021-06-24,0.00319616320217
2021-06-25,0.00206299853699
2021-06-28,0.000571565434016
2021-06-29,-0.000835846790212
2021-06-30,-0.000509655517853
2021-07-01,0.00225519936212
2021-07-02,0.00460726557644
2021-07-06,-0.000179893574363
2021-07-07,0.00279082196318
2021-07-08,-0.00532971124289
2021-07-09,0.00663220427555
2021-07-12,0.00192395144713
2021-07-13,-0.00315753585667
2021-07-14,0.00374063806539
2021-07-15,-0.00108579262587
2021-07-16,-0.00504518862967
2021-07-19,-0.0069035872762
2021-07-20,0.00633327405039
2021-07-21,0.00319133368963
2021-07-22,0.00153255863079
2021-07-23,0.00327339013683
2021-07-26,-0.000226073238039
2021-07-27,-0.00159850484002
2021-07-28,0.00260129200275
2021-07-29,0.0029372968447
2021-07-30,-0.00285778257097
2021-08-02,0.00110252358552
2021-08-03,0.00376442634084
2021-08-04,-0.00205711153722
2021-08-05,0.00172835139652
2021-08-06,-0.0045946342912
2021-08-09,-0.00289922182917
2021-08-10,3.45422041241e-05
2021-08-11,0.00389237077732
2021-08-12,0.000244991752305
2021-08-13,0.00431025595612
2021-08-16,0.000257003509103
2021-08-17,-0.00508921854234
2021-08-18,-0.00405692389538
2021-08-19,-0.00139662311523
2021-08-20,0.00298020979869
2021-08-23,0.00618127948578
2021-08-24,0.00145838825227
2021-08-25,-0.000697348945735
2021-08-26,-0.00300812420682
2021-08-27,0.00815888659172
2021-08-30,0.00187631610259
2021-08-31,-3.09842905739e-05
2021-09-01,0.00301494158336
2021-09-02,0.00177669971996
2021-09-03,0.0013102075755
2021-09-07,-0.00460608866287
2021-09-08,-0.00141538791775
2021-09-09,-0.000782741325768
2021-09-10,-0.00493927179832
2021-09-13,0.00311296254449
2021-09-14,-0.0013213082382
2021-09-15,0.00229294638182
2021-09-16,-0.00436830110307
2021-09-17,-0.00620253430193
2021-09-20,-0.00783745892704
2021-09-21,0.00207024978674
2021-09-22,0.00461173593993
2021-09-23,0.0023155016442
2021-09-24,-0.00286269332985
2021-09-27,-0.00157472552296
2021-09-28,-0.0125768840642
2021-09-29,-0.000167396512131
2021-09-30,-0.00270088023386
2021-10-01,0.00614772502254
2021-10-04,-0.00573703757597
2021-10-05,0.0028846059563
2021-10-06,0.000787443629462
2021-10-07,0.0034277044202
2021-10-08,-0.00140270830276
2021-10-11,-0.00342352358517
2021-10-12,0.0014443956037
2021-10-13,0.00642689534786
2021-10-14,0.00831312837369
2021-10-15,0.00135172768246
2021-10-18,-0.000218973155546
2021-10-19,0.00328995122728
2021-10-20,0.0033115129519
2021-10-21,-0.000937301924722
2021-10-22,0.00182256617912
2021-10-25,0.00299391360716
2021-10-26,0.00027129563222
2021-10-27,-0.0011952224718
2021-10-28,0.00429862877518
2021-10-29,-0.00268473284851
2021-11-01,0.00286350219909
2021-11-02,0.00121104641289
2021-11-03,0.00177724742866
2021-11-04,0.00337734239574
2021-11-05,0.00443659849028
2021-11-08,0.000545844628945
2021-11-09,0.000403800184547
2021-11-10,-0.00593566356278
2021-11-11,0.00142607283616
2021-11-12,0.003648880213
2021-11-15,-0.00116664275888
2021-11-16,-0.00046732984306
2021-11-17,0.000723413109514
2021-11-18,0.000482001949669
2021-11-19,-0.00228126967383
2021-11-22,-0.00678344675056
2021-11-23,-0.00166349888913
2021-11-24,0.00141487924998
2021-11-26,-0.0108758932174
2021-11-29,0.00445632496014
2021-11-30,-0.00788367512136
2021-12-01,-0.00447741528279
2021-12-02,0.00812161810251
2021-12-03,-0.0019360417272
2021-12-06,0.00455636431343
2021-12-07,0.010708777887
2021-12-08,0.000832678583392
2021-12-09,-0.00494282849448
2021-12-10,0.00386095322183
2021-12-13,-0.00310092916666
2021-12-14,-0.00527773365207
2021-12-15,0.00733023467648
2021-12-16,-0.000727749675576
2021-12-17,-0.00515208991293
2021-12-20,-0.00586936785099
2021-12-21,0.00818227836331
2021-12-22,0.00675346300175
2021-12-23,0.00274039244898
2021-12-27,0.00709365799191
2021-12-28,-0.000782477255226
2021-12-29,-0.000541309885513
2021-12-30,0.00134653968825
2021-12-31,-0.000376992996812
2022-01-03,-0.00141276825207
2022-01-04,0.000668273710397
2022-01-05,-0.0109843284883
2022-01-06,-0.00269861894511
2022-01-07,-0.0011482083801
2022-01-10,-0.00177700102321
2022-01-11,0.00773111806738
2022-01-12,0.00322532705548
2022-01-13,-0.00558615018639
2022-01-14,-0.00290570537789
2022-01-18,-0.0111071409856
2022-01-19,-0.00131397507148
2022-01-20,-0.00435084081229
2022-01-21,-0.00732996330308
2022-01-24,-0.000684888139497
2022-01-25,-0.00458173689793
2022-01-26,-0.006643694487
2022-01-27,-0.00366755033779
2022-01-28,0.00962176477655
2022-01-31,0.0105070335114
2022-02-01,0.00311850913373
2022-02-02,0.00551020923367
2022-02-03,-0.0121240939783
2022-02-04,-0.000840338414813
2022-02-07,0.00017804591843
2022-02-08,0.00271772859505
2022-02-09,0.00935964435987
2022-02-10,-0.0121605853802
2022-02-11,-0.00454303501388
2022-02-14,-0.00410633528739
2022-02-15,0.00700126821252
2022-02-16,0.00319467964
2022-02-17,-0.0073727257849
2022-02-18,-0.0025592734233
2022-02-22,-0.00551484361345
2022-02-23,-0.00872137290191
2022-02-24,0.00232188290003
2022-02-25,0.0120044287221
2022-02-28,0.000416598105138
2022-03-01,-0.00385511692823
2022-03-02,0.00317077178072
2022-03-03,-0.00257443479029
2022-03-04,-0.0032671574434
2022-03-07,-0.0157645016129
2022-03-08,0.000309066364731
2022-03-09,0.0107265590281
2022-03-10,-0.00500585188055
2022-03-11,-0.00704303470574
2022-03-14,-0.00810566040237
2022-03-15,0.00630867240353
2022-03-16,0.0163805129015
2022-03-17,0.00694210217923
2022-03-18,0.00512617954176
2022-03-21,-0.00467722714791
2022-03-22,0.00393647676065
2022-03-23,-0.00351739100546
2022-03-24,0.00596740377469
2022-03-25,-0.00121832131668
2022-03-28,0.00127834488947
2022-03-29,0.0104198256749
2022-03-30,-0.00108326048586
2022-03-31,-0.00869062901851
2022-04-01,0.00231253686024
2022-04-04,0.00439902560344
2022-04-05,-0.0109126184305
2022-04-06,-0.00574740527979
2022-04-07,0.00043012527143
2022-04-08,-0.00143664290634
2022-04-11,-0.00877839026667
2022-04-12,-0.000450126228742
2022-04-13,0.00706143160463
2022-04-14,-0.00805523352117
2022-04-18,-0.00151609691075
2022-04-19,0.00260527016054
2022-04-20,0.00419583045804
2022-04-21,-0.00929186441102
2022-04-22,-0.0135765279749
2022-04-25,0.000276013765449
2022-04-26,-0.0128126564115
2022-04-27,-0.000483538554139
2022-04-28,0.0118588457448
2022-04-29,-0.0172896130482
2022-05-02,-0.00464305105853
2022-05-03,0.00460189016609
2022-05-04,0.0160875412621
2022-05-05,-0.0226133978602
2022-05-06,-0.00578151865776
2022-05-09,-0.0176615714088
2022-05-10,0.000601469448203
2022-05-11,-0.00307004203237
2022-05-12,-0.00179152453158
2022-05-13,0.0115864754461
2022-05-16,0.000442235665838
2022-05-17,0.00793397927135
2022-05-18,-0.0161825787795
2022-05-19,0.00245410153287
2022-05-20,0.00267608130715
2022-05-23,0.00788705025995
2022-05-24,0.000234239046728
2022-05-25,0.00365552864189
2022-05-26,0.00807566502671
2022-05-27,0.0116192486909
2022-05-31,-0.00595392081087
2022-06-01,-0.00549981544197
2022-06-02,0.0123199177924
2022-06-03,-0.00999106478413
2022-06-06,-0.00114281174762
2022-06-07,0.00612085542166
2022-06-08,-0.00753677277016
2022-06-09,-0.0131906400769
2022-06-10,-0.0149738789329
2022-06-13,-0.0290011612261
2022-06-14,-0.00542885954339
2022-06-15,0.0144106852625
2022-06-16,-0.0138795819848
2022-06-17,-0.000140920201628
2022-06-21,0.00897195231322
2022-06-22,0.00163666400685
2022-06-23,0.00443351659159
2022-06-24,0.0148923781044
2022-06-27,-0.00341053530525
2022-06-28,-0.0079028873555
2022-06-29,0.000278366161595
2022-06-30,-0.00243713644258
2022-07-01,0.00753914035331
2022-07-05,-0.00472097431303
2022-07-06,-0.00363470986729
2022-07-07,0.00703698880223
2022-07-08,-0.00162589099574
2022-07-11,-0.00610356718844
2022-07-12,-0.003093353365
2022-07-13,-0.00027987017178
2022-07-14,-0.00646240262608
2022-07-15,0.0102866852505
2022-07-18,-0.00264062055852
2022-07-19,0.0134941498506
2022-07-20,-0.000258023940144
2022-07-21,0.0102533449749
2022-07-22,-0.000299443079536
2022-07-25,0.000477179351418
2022-07-26,-0.00622785270933
2022-07-27,0.0148176436592
2022-07-28,0.0106799400343
2022-07-29,0.00716603072454
2022-08-01,0.000163182387008
2022-08-02,-0.00987110416797
2022-08-03,0.00801166423762
2022-08-04,0.00349434102144
2022-08-05,-0.00672673752666
2022-08-08,0.00333841925266
2022-08-09,-0.00251151484836
2022-08-10,0.0114998896122
2022-08-11,-0.00200637155123
2022-08-12,0.0102000178923
2022-08-15,-0.000572485076054
2022-08-16,7.46475618623e-05
2022-08-17,-0.00648696695078
2022-08-18,0.000346745643138
2022-08-19,-0.0104931515375
2022-08-22,-0.0122958585872
2022-08-23,-0.000323484109146
2022-08-24,0.000910831545509
2022-08-25,0.00992981198887
2022-08-26,-0.0180485334212
2022-08-29,-0.00471219739327
2022-08-30,-0.00654716972624
2022-08-31,-0.00602049149901
2022-09-01,-0.00410398035052
2022-09-02,-0.00288732841625
2022-09-06,-0.0058251931403
2022-09-07,0.0113303066183
2022-09-08,0.000289673908421
2022-09-09,0.0103050451218
2022-09-12,0.00627234519867
2022-09-13,-0.0251178618332
2022-09-14,0.00154538052406
2022-09-15,-0.00929709709229
2022-09-16,-0.00361781036496
2022-09-19,0.00227608927133
2022-09-20,-0.00949836689493
2022-09-21,-0.00714115947582
2022-09-22,-0.00826529289071
2022-09-23,-0.0141214632345
2022-09-26,-0.0136323762581
2022-09-27,-0.00392977283423
2022-09-28,0.0191131951155
2022-09-29,-0.0126359581541
2022-09-30,-0.00592450448536
2022-10-03,0.0186592908877
2022-10-04,0.0200565274697
2022-10-05,-0.00631294406152
2022-10-06,-0.00900768469315
2022-10-07,-0.0156397653418
2022-10-10,-0.00776066676132
2022-10-11,-0.0035066766816
2022-10-12,-0.000747642396149
2022-10-13,0.0102398455791
2022-10-14,-0.0142529615645
2022-10-17,0.0157380787666
2022-10-18,0.00579917192204
2022-10-19,-0.0103011527367
2022-10-20,-0.00494018722246
2022-10-21,0.0137685486809
2022-10-24,0.000987442910284
2022-10-25,0.0142274441386
2022-10-26,0.00171031053766
2022-10-27,-0.00106994072563
2022-10-28,0.00725005574287
2022-10-31,-0.00569753008084
2022-11-01,0.00200618652154
2022-11-02,-0.0128700345858
2022-11-03,-0.0060547416287
2022-11-04,0.0157431469372
2022-11-07,0.00204833986282
2022-11-08,0.00775149504051
2022-11-09,-0.00975388616553
2022-11-10,0.0404477583637
2022-11-11,0.00710413446819
2022-11-14,-0.00664875368662
2022-11-15,0.00803293125317
2022-11-16,-0.0023285378684
2022-11-17,-0.00372451034384
2022-11-18,0.000266187143952
2022-11-21,-0.00306145546748
2022-11-22,0.00860642595973
2022-11-23,0.00660020645944
2022-11-25,0.00077525127182
2022-11-28,-0.00959584048719
2022-11-29,0.000885738496127
2022-11-30,0.0192500830099
2022-12-01,0.00592435365833
2022-12-02,0.00073531885851
2022-12-05,-0.0138786310168
2022-12-06,-0.00426036074422
2022-12-07,0.00311639884795
2022-12-08,0.00293701468721
2022-12-09,-0.00470067730333
2022-12-12,0.00393550151456
2022-12-13,0.00948922916523
2022-12-14,-0.00186978643543
2022-12-15,-0.0139344796704
2022-12-16,-0.00615222629067
2022-12-19,-0.00587536215567
2022-12-20,0.000355903789443
2022-12-21,0.00751557470538
2022-12-22,-0.00775152203038
2022-12-23,0.00177321558379
2022-12-27,-0.00178929589815
2022-12-28,-0.00803005473145
2022-12-29,0.011583553904
2022-12-30,-0.00424811318629
2023-01-03,0.00320807084211
2023-01-04,0.00982998384217
2023-01-05,-0.00815537396912
2023-01-06,0.019008105836
2023-01-09,0.00187712281549
2023-01-10,0.00172492397491
2023-01-11,0.00894607973308
2023-01-12,0.00802060292442
2023-01-13,0.00152322605588
2023-01-17,-0.00168691062338
2023-01-18,-0.00315927271549
2023-01-19,-0.000969669005242
2023-01-20,0.00618810416879
2023-01-23,0.00417831596329
2023-01-24,0.00188187087153
2023-01-25,0.001829307806
2023-01-26,0.00313441120176
2023-01-27,6.73669126958e-05
2023-01-30,-0.00798380992212
2023-01-31,0.00827608865251
2023-02-01,0.00908014266151
2023-02-02,0.00315280671772
2023-02-03,-0.0125410534979
2023-02-06,-0.00630482394819
2023-02-07,0.00497918105644
2023-02-08,-0.00342616408921
2023-02-09,-0.00512222091246
2023-02-10,-0.00131704440571
2023-02-13,0.00618665867545
2023-02-14,-0.00179798028786
2023-02-15,-0.00144504037043
2023-02-16,-0.0068713922406
2023-02-17,9.52926960385e-06
2023-02-21,-0.0130941822586
2023-02-22,-0.00181290334876
2023-02-23,0.00425386397132
2023-02-24,-0.0101770379229
2023-02-27,0.00420278624955
2023-02-28,-0.00179554542297
2023-03-01,-0.0014478534746
2023-03-02,0.00253124983458
2023-03-03,0.0121391738624
2023-03-06,-0.00196221364403
2023-03-07,-0.011605095827
2023-03-08,0.00157822112231
2023-03-09,-0.00678788537333
2023-03-10,-0.000574983872368
2023-03-13,0.00492020742703
2023-03-14,0.00398662398999
2023-03-15,-0.00217339749365
2023-03-16,0.00579344968318
2023-03-17,-0.000892424727727
2023-03-20,0.00449717139279
2023-03-21,0.00244236413365
2023-03-22,-0.00155779525145
2023-03-23,0.00371201218356
2023-03-24,0.00154032730933
2023-03-27,-0.00331401132079
2023-03-28,0.000644259044872
2023-03-29,0.0068265272583
2023-03-30,0.00604039867542
2023-03-31,0.00700529000959
2023-04-03,0.00435676741843
2023-04-04,0.00167951620772
2023-04-05,-0.00150182311312
2023-04-06,0.00152729907088
2023-04-10,-0.0029214563084
2023-04-11,0.00212393274432
2023-04-12,5.59372973414e-05
2023-04-13,0.00744496093427
2023-04-14,-0.00600552560201
2023-04-17,-6.63258744219e-05
2023-04-18,0.00145423559858
2023-04-19,-0.0019010911085
2023-04-20,-0.00011367511375
2023-04-21,-0.00128889829956
2023-04-24,0.00211785628426
2023-04-25,-0.00546971353774
2023-04-26,-0.00323055558227
2023-04-27,0.00803207414054
2023-04-28,0.00535405535951
2023-05-01,-0.00504031246684
2023-05-02,-0.000769841586425
2023-05-03,0.000696946316479
2023-05-04,-0.00103873213429
2023-05-05,0.00625817399904
2023-05-08,-0.00192246239274
2023-05-09,-0.00206154658589
2023-05-10,0.00371409439885
2023-05-11,-0.00172713638345
2023-05-12,-0.00336863473131
2023-05-15,0.00251017496288
2023-05-16,-0.00731645029854
2023-05-17,0.0042216097845
2023-05-18,-0.000969111094176
2023-05-19,0.000400132185273
2023-05-22,0.000181695152467
2023-05-23,-0.00605648553715
2023-05-24,-0.00743633658545
2023-05-25,-0.000378935461965
2023-05-26,0.00750122733156
2023-05-30,0.00129248756865
2023-05-31,-0.00192432085611
2023-06-01,0.00774647353397
2023-06-02,0.00499800949765
2023-06-05,-0.00133585528997
2023-06-06,0.00329204597133
2023-06-07,-0.00484619830328
2023-06-08,0.00658624904183
2023-06-09,-0.000900760240345
2023-06-12,0.00403806495052
2023-06-13,0.00164335460061
2023-06-14,0.00192010842469
2023-06-15,0.00909813237007
2023-06-16,-0.00302584959517
2023-06-20,-0.00542341114969
2023-06-21,-0.00146332906622
2023-06-22,-0.00346860109817
2023-06-23,-0.00481313136372
2023-06-26,0.00119730750914
2023-06-27,0.00437536858671
2023-06-28,0.00091654937339
2023-06-29,-0.00158001995012
2023-06-30,0.00768271131206
2023-07-03,0.00101026122514
2023-07-05,-0.00417087351141
2023-07-06,-0.00900703770769
2023-07-07,0.00160299255778
2023-07-10,0.00265499904481
2023-07-11,0.0054757722797
2023-07-12,0.0110174171572
2023-07-13,0.00796772118193
2023-07-14,-0.00354669504991
2023-07-17,0.00126232780045
2023-07-18,0.00409009757999
2023-07-19,0.00225561873688
2023-07-20,-0.00570732143377
2023-07-21,0.000315850676286
2023-07-24,0.00125356366291
2023-07-25,0.00135743962586
2023-07-26,0.00226865517329
2023-07-27,-0.00900342150726
2023-07-28,0.00748560745196
2023-07-31,0.00160646376638
2023-08-01,-0.00656554948447
2023-08-02,-0.00968371503251
2023-08-03,-0.00408624083406
2023-08-04,0.00229695947653
2023-08-07,0.0039290972546
2023-08-08,-0.00290833332966
2023-08-09,-0.00207614547716
2023-08-10,-0.00200275816777
2023-08-11,-0.00288811204512
2023-08-14,-0.000244643937526
2023-08-15,-0.00780121271347
2023-08-16,-0.00590834075596
2023-08-17,-0.00400688193925
2023-08-18,0.000850527711996
2023-08-21,0.000533034122571
2023-08-22,-0.000572886681365
2023-08-23,0.0109265315444
2023-08-24,-0.00748012621171
2023-08-25,0.00270690492044
2023-08-28,0.00541947266324
2023-08-29,0.0107123286318
2023-08-30,0.0012806107882
2023-08-31,-0.00143603118402
2023-09-01,-0.000489825443094
2023-09-05,-0.00611873397268
2023-09-06,-0.00392480059755
2023-09-07,-0.00045691925638
2023-09-08,0.000430072147346
2023-09-11,0.00396141748691
2023-09-12,-0.00275201677215
2023-09-13,-0.000291984430669
2023-09-14,0.00525740709132
2023-09-15,-0.00463831175565
2023-09-18,0.000170904949635
2023-09-19,-0.00225189038683
2023-09-20,-0.00356424468075
2023-09-21,-0.0130184795332
2023-09-22,0.00146937038303
2023-09-25,-0.00282345318346
2023-09-26,-0.00918783972007
2023-09-27,-0.00298956014677
2023-09-28,0.00415652205827
2023-09-29,-0.00230921744753
2023-10-02,-0.00710923993428
2023-10-03,-0.0105527552616
2023-10-04,0.00490301082593
2023-10-05,0.00179863117251
2023-10-06,0.00491393923979
2023-10-09,0.0077173589829
2023-10-10,0.00395447292101
2023-10-11,0.00532113224947
2023-10-12,-0.00768804252573
2023-10-13,0.00189291448796
2023-10-16,0.00292964749262
2023-10-17,-0.00269943284171
2023-10-18,-0.00843618047466
2023-10-19,-0.00519668190802
2023-10-20,-0.00426939210175
2023-10-23,-0.000143033817894
2023-10-24,0.00512490347168
2023-10-25,-0.00924781241847
2023-10-26,-0.00134754009357
2023-10-27,-0.00108358903638
2023-10-30,0.00472982669499
2023-10-31,0.00168978747879
2023-11-01,0.00874519688762
2023-11-02,0.013921813637
2023-11-03,0.00941114392233
2023-11-06,-0.00283424482387
2023-11-07,0.000661750313804
2023-11-08,2.67443034523e-05
2023-11-09,-0.00636988577782
2023-11-10,0.00588130644533
2023-11-13,9.12752233129e-06
2023-11-14,0.0192261719894
2023-11-15,-0.00142981946657
2023-11-16,0.00246014242787
2023-11-17,0.00293027764602
2023-11-20,0.00438201461308
2023-11-21,-0.000677730268209
2023-11-22,0.00139121651096
2023-11-24,0.000393827732831
2023-11-27,0.00164360880213
2023-11-28,0.00409299459859
2023-11-29,0.00203410068421
2023-11-30,3.76725657572e-05
2023-12-01,0.00942926618839
2023-12-04,-0.00652530534227
2023-12-05,0.000880628389141
2023-12-06,0.000221763020915
2023-12-07,0.00336763906329
2023-12-08,-0.0017191858153
2023-12-11,0.000810014635057
2023-12-12,0.00211874586494
2023-12-13,0.0158440179749
2023-12-14,0.00796549499769
2023-12-15,-0.00457998088633
2023-12-18,0.00175078519473
2023-12-19,0.00514327169333
2023-12-20,-0.00654930040023
2023-12-21,0.00721889413208
2023-12-22,0.000961120279267
2023-12-26,0.00387516523153
2023-12-27,0.00463020301734
2023-12-28,-0.001013316005
2023-12-29,-0.00223114781894
2024-01-02,-0.00512389768594
2024-01-03,-0.0054097319304
2024-01-04,-0.00234596810612
2024-01-05,-0.000478167635668
2024-01-08,0.00707291605495
2024-01-09,-0.00288004855292
2024-01-10,0.00172990209774
2024-01-11,0.00159139029741
2024-01-12,0.00308998719459
2024-01-16,-0.00868576487074
2024-01-17,-0.0069827004739
2024-01-18,0.00449611587195
2024-01-19,0.0056873977368
2024-01-22,0.00125347328017
2024-01-23,6.53709719922e-05
2024-01-24,-0.000458561273002
2024-01-25,0.00466930826348
2024-01-26,-0.000396149743505
2024-01-29,0.00594632078624
2024-01-30,-0.000709176196806
2024-01-31,-0.00454893002253
2024-02-01,0.00963022046343
2024-02-02,-0.00343778892382
2024-02-05,-0.00642270260485
2024-02-06,0.0059561433613
2024-02-07,0.00182295442341
2024-02-08,-0.00103317484301
2024-02-09,0.00189254593051
2024-02-12,0.000373034254916
2024-02-13,-0.0134197979829
2024-02-14,0.00715751867039
2024-02-15,0.0067103313224
2024-02-16,-0.00241498639339
2024-02-20,-0.000178949197924
2024-02-21,-0.000249523868066
2024-02-22,0.0086309344449
2024-02-23,0.00229290843211
2024-02-26,-0.00298909650216
2024-02-27,0.000434098026666
2024-02-28,-0.000457845201309
2024-02-29,0.0031613574576
2024-03-01,0.00920819308576
2024-03-04,0.000406163461649
2024-03-05,-0.00176749507187
2024-03-06,0.00558128872633
2024-03-07,0.00605913884485
2024-03-08,-0.000558374288681
2024-03-11,-0.00136600383106
2024-03-12,0.00250856137931
2024-03-13,-0.00091194027726
2024-03-14,-0.00532897136704
2024-03-15,-0.00299647894525
2024-03-18,0.0017349655408
2024-03-19,0.00241666320281
2024-03-20,0.00720736162756
2024-03-21,0.00160855321961
2024-03-22,-0.0015763211343
2024-03-25,-0.00179998792292
2024-03-26,4.87728479901e-05
2024-03-27,0.00683267723957
2024-03-28,0.00117286409668
2024-04-01,-0.00333489754314
2024-04-02,-0.00216722291642
2024-04-03,0.00239916217753
2024-04-04,-0.00492136662663
2024-04-05,0.00392382785441
2024-04-08,0.00194355797239
2024-04-09,0.00325688310485
2024-04-10,-0.0130283023495
2024-04-11,0.00502095356194
2024-04-12,-0.00872472732962
2024-04-15,-0.00541499819561
2024-04-16,-0.00442408116103
2024-04-17,-0.000965159095877
2024-04-18,-0.00123728535581
2024-04-19,-0.00163247390157
2024-04-22,0.00258845940791
2024-04-23,0.00618950367028
2024-04-24,-0.00145081434107
2024-04-25,-0.00228192261062
2024-04-26,0.00570025465851
2024-04-29,0.00378973064655
2024-04-30,-0.0119143724736
2024-05-01,0.00106214793126
2024-05-02,0.00817418159876
2024-05-03,0.00763811856178
2024-05-06,0.00554164293009
2024-05-07,0.000865922748437
2024-05-08,-0.00162504938733
2024-05-09,0.00648988455243
2024-05-10,0.000409354071183
2024-05-13,-0.000310178290822
2024-05-14,0.00483936175024
2024-05-15,0.00999533315388
2024-05-16,-0.00219614617732
2024-05-17,0.00198842047619
2024-05-20,5.30715233711e-05
2024-05-21,0.000753752803491
2024-05-22,-0.00513310870848
2024-05-23,-0.00760775300849
2024-05-24,0.00395896752719
2024-05-28,-0.000804244804884
2024-05-29,-0.00813372176896
2024-05-30,0.00173906130646
2024-05-31,0.00532423798401
2024-06-03,0.00391852572088
2024-06-04,2.4900566272e-05
2024-06-05,0.00745929265163
2024-06-06,0.00141134532896
2024-06-07,-0.00988706717007
2024-06-10,0.0020219505624
2024-06-11,0.000380900320954
2024-06-12,0.00697937987864
2024-06-13,-0.000255683097417
2024-06-14,0.000754450516419
2024-06-17,0.00127071134425
2024-06-18,0.00370477031287
2024-06-20,-0.000438324808796
2024-06-21,-0.0029920149253
2024-06-24,0.00128502152001
2024-06-25,0.00025486066736
2024-06-26,-0.00343178446292
2024-06-27,0.00304601205742
2024-06-28,-0.00222476565414
2024-07-01,-0.00137058989403
2024-07-02,0.00390233231581
2024-07-03,0.00687815834546
2024-07-05,0.00595237138727
2024-07-08,-0.00132529821463
2024-07-09,-0.000241401893699
2024-07-10,0.00640032606531
2024-07-11,0.00337004665698
2024-07-12,0.00478649391684
2024-07-15,-0.00120871646871
2024-07-16,0.00702952583323
2024-07-17,-0.0056582719115
2024-07-18,-0.00624129068158
2024-07-19,-0.00611087773064
2024-07-22,0.0052408735737
2024-07-23,-0.00141321316669
2024-07-24,-0.0112563831386
2024-07-25,-0.00345670757144
2024-07-26,0.00914538763152
2024-07-29,8.75204161144e-05
2024-07-30,0.000573308586614
2024-07-31,0.0116699224475
2024-08-01,-0.00731147335174
2024-08-02,-0.00494658869965
2024-08-05,-0.016076466474
2024-08-06,0.000995412502994
2024-08-07,-0.00242941533883
2024-08-08,0.0117872245609
2024-08-09,0.00368694241959
2024-08-12,0.00254749539434
2024-08-13,0.0093233059529
2024-08-14,0.000971094388113
2024-08-15,0.00619878170905
2024-08-16,0.0049471213935
2024-08-19,0.00577978754555
2024-08-20,9.196328556e-05
2024-08-21,0.00341735691871
2024-08-22,-0.00649204719463
2024-08-23,0.0107361657437
2024-08-26,-0.00165326741347
2024-08-27,0.00142105564668
2024-08-28,-0.00396662393325
2024-08-29,0.000374483651452
2024-08-30,0.00229915624979
2024-09-03,-0.00854651514709
2024-09-04,0.000694729589393
2024-09-05,0.000893711119644
2024-09-06,-0.00889554058447
2024-09-09,0.00678707166596
2024-09-10,0.00293159172847
2024-09-11,0.00384171622219
2024-09-12,0.0058240186152
2024-09-13,0.00450738242235
2024-09-16,0.00287518607309
2024-09-17,-0.00184905293473
2024-09-18,-0.003673488653
2024-09-19,0.0106863055047
2024-09-20,-0.00109348597858
2024-09-23,0.00233123737861
2024-09-24,0.00555088774024
2024-09-25,-0.00394745548857
2024-09-26,0.00612696019396
2024-09-27,-0.00107534637054
2024-09-30,-0.000890354846402
2024-10-01,-0.0015903112771
2024-10-02,5.80837818931e-06
2024-10-03,-0.0047730603907
2024-10-04,0.00120931586392
2024-10-07,-0.00498841603656
2024-10-08,0.000972684390383
2024-10-09,0.000355737282215
2024-10-10,-0.000432325943316
2024-10-11,0.00467307894703
2024-10-14,0.00231488325176
2024-10-15,-0.0032262852785
2024-10-16,0.00384002302336
2024-10-17,-0.00160800903556
2024-10-18,0.0043988308082
2024-10-21,-0.00601135225598
2024-10-22,0.000222483320741
2024-10-23,-0.00626855385283
2024-10-24,0.00268084035966
2024-10-25,-0.00161388074375
2024-10-28,0.00169652271279
2024-10-29,0.000926777886841
2024-10-30,-0.0014589799405
2024-10-31,-0.00980840658655
2024-11-01,-0.000948192281528
2024-11-04,0.00187080170774
2024-11-05,0.00738668570771
2024-11-06,-0.00170572723085
2024-11-07,0.0103548911819
2024-11-08,-0.00111506987174
2024-11-11,-0.00344990814937
2024-11-12,-0.00776886627961
2024-11-13,-0.00180889585501
2024-11-14,-0.00299144405265
2024-11-15,-0.00456700314081
2024-11-18,0.00535224891211
2024-11-19,0.00270300457853
2024-11-20,-0.000222029740616
2024-11-21,0.00280442420449
2024-11-22,0.00350181007647
2024-11-25,0.00272918535595
2024-11-26,0.000241237431005
2024-11-27,0.00164948756416
2024-11-29,0.00584954565089
2024-12-02,-0.000665724518303
2024-12-03,0.000274441310524
2024-12-04,0.00330791065853
2024-12-05,-0.000375351748608
2024-12-06,0.0012692409802
2024-12-09,-0.000573692810699
2024-12-10,-0.00281824651588
2024-12-11,0.00349794711664
2024-12-12,-0.00623125298747
2024-12-13,-0.00314836667602
2024-12-16,0.000627676657321
2024-12-17,-0.00237643435383
2024-12-18,-0.0204113278799
2024-12-19,-0.00201704385949
2024-12-20,0.00669079610112
2024-12-23,0.00146258147837
2024-12-24,0.0050697201389
2024-12-26,0.00150634109664
2024-12-27,-0.00572073431013
2024-12-30,-0.00386769121827
2024-12-31,-0.000594550531963
2025-01-02,-7.61631822047e-05
2025-01-03,0.00428041039757
2025-01-06,0.00212956378147
2025-01-07,-0.00539326458888
2025-01-08,0.00112396131422
2025-01-10,-0.0099966516742
2025-01-13,-0.00107882631546
2025-01-14,0.0026669077578
2025-01-15,0.0120115055569
2025-01-16,0.00235032693483
2025-01-17,0.0037013089456
2025-01-21,0.00967239663138
2025-01-22,0.000183167140144
2025-01-23,0.00258896941403
2025-01-24,0.00164397219869
2025-01-27,-0.00384040072036
2025-01-28,0.0029504639644
2025-01-29,-0.00267203340158
2025-01-30,0.00674923407276
2025-01-31,-0.00396610174004
2025-02-03,-0.003409230186
2025-02-04,0.00636665566142
2025-02-05,0.00562572345431
2025-02-06,0.00135996683359
2025-02-07,-0.005003454603
2025-02-10,0.00524770857232
2025-02-11,-0.00025367337207
2025-02-12,-0.00279029333103
2025-02-13,0.00911368554936
2025-02-14,-0.000159195477175
2025-02-18,0.00258163876232
2025-02-19,-0.000142104902777
2025-02-20,0.000778754980342
2025-02-21,-0.00535119379894
2025-02-24,-0.000870367102191
2025-02-25,0.00110361314938
2025-02-26,0.00145954292868
2025-02-27,-0.00921917929863
2025-02-28,0.00561907257234
2025-03-03,-0.0020047947472
2025-03-04,-0.00423324556747
2025-03-05,0.00751351312982
2025-03-06,-0.00906178889565
2025-03-07,0.00338214818132
2025-03-10,-0.0120949397522
2025-03-11,-0.0030819188196
2025-03-12,0.00219606486137
2025-03-13,-0.00324167627875
2025-03-14,0.00992186504605
2025-03-17,0.00654143964707
2025-03-18,-0.00216708072028
2025-03-19,0.00557545024554
2025-03-20,-0.0023636661978
2025-03-21,-0.0027593169783
2025-03-24,0.0043897255987
2025-03-25,0.00181736193887
2025-03-26,-0.00636638934212
2025-03-27,0.000934886590906
2025-03-28,-0.0055960617954
2025-03-31,0.00354673880895
2025-04-01,0.00244187454225
2025-04-02,0.00246939992475
2025-04-03,-0.0188118918686
2025-04-04,-0.0335686789397
2025-04-07,-0.013692943584
2025-04-08,-0.00840192645002
2025-04-09,0.0507431659999
2025-04-10,-0.018138499108
2025-04-11,0.0124305073562
2025-04-14,0.00764529782841
2025-04-15,0.00161357371796
2025-04-16,-0.00284788579718
2025-04-17,0.00197011397017
2025-04-21,-0.00718749150448
2025-04-22,0.0110897442273
2025-04-23,0.00357358449581
2025-04-24,0.0123537834419
2025-04-25,0.00218638579638
2025-04-28,0.00422278654634
2025-04-29,0.00261884622393
2025-04-30,-0.000594019949019
2025-05-01,-0.00175043817654
2025-05-02,0.00740910211909
2025-05-05,0.0012441060133
2025-05-06,0.000573952642329
2025-05-07,-0.000828939311892
2025-05-08,-0.00272333355181
2025-05-09,0.00235998604631
2025-05-12,0.00750136126006
2025-05-13,0.00200742202906
2025-05-14,-0.00332908715945
2025-05-15,0.00734737310291
2025-05-16,0.00201844400824
2025-05-19,0.00293079050854
2025-05-20,0.000563264836217
2025-05-21,-0.00895576657909
2025-05-22,-0.000219701331644
2025-05-23,0.00149394414775
2025-05-27,0.00883889843674
2025-05-28,-0.00451745505264
2025-05-29,0.00434022573784
2025-05-30,-0.000479603060598
2025-06-02,0.00555401250897
2025-06-03,-0.000538430615669
2025-06-04,0.00408693199044
2025-06-05,-0.00282184580468
2025-06-06,0.00060232614274
2025-06-09,0.00171929714943
2025-06-10,0.00354119303821
2025-06-11,0.000700635226907
2025-06-12,0.00514892508007
2025-06-13,-0.00630422296535
2025-06-16,0.00191120245998
2025-06-17,-0.00381180817979
2025-06-18,9.54623088756e-05
2025-06-20,-0.00212582489794
2025-06-23,0.00637136390351
2025-06-24,0.00617936457137
2025-06-25,-0.00131571860132
2025-06-26,0.00523859546946
2025-06-27,-0.000130507503952
2025-06-30,0.00479524225796
2025-07-01,0.000811821721564
2025-07-02,0.00216908352927
2025-07-03,0.00130994176335
2025-07-07,-0.00614717953916
2025-07-08,-0.000280237270674
2025-07-09,0.00485061537476
2025-07-10,0.00141415228821
2025-07-11,-0.00280596485601
2025-07-14,0.000747861632862
2025-07-15,-0.00469461050732
2025-07-16,0.00365618059199
2025-07-17,0.00233101608522
2025-07-18,0.00043079254832
2025-07-21,0.00456868227055
2025-07-22,0.0032832243089
2025-07-23,0.0040674624066
2025-07-24,-0.00222730134199
2025-07-25,0.000641099582783
2025-07-28,-0.00469602082302
2025-07-29,0.00221663483684
2025-07-30,-0.00542891608328
2025-07-31,-0.00264828763824
2025-08-01,-0.000722398028906
2025-08-04,0.00864922344185
2025-08-05,-0.000854045713999
2025-08-06,0.0028967288148
2025-08-07,0.00200775353625
2025-08-08,0.00193286924561
2025-08-11,-0.00285731342812
2025-08-12,0.00560981969672
2025-08-13,0.00433717680576
2025-08-14,-0.00279558729414
2025-08-15,-0.000130075836549
2025-08-18,-0.000773048811036
2025-08-19,-0.00122195959946
2025-08-20,0.00101178908064
2025-08-21,-0.00326295886776
2025-08-22,0.0120384241383
2025-08-25,-0.00458815399351
2025-08-26,0.00240187371602
2025-08-27,0.00116768065587
2025-08-28,0.00298200759207
2025-08-29,-0.00190304868427
2025-09-02,-0.00304768757507
2025-09-03,0.0040943920772
2025-09-04,0.00448219481202
2025-09-05,0.00395123588833
2025-09-08,0.00461781957829
2025-09-09,-0.000598928704096
2025-09-10,0.00221972454603
2025-09-11,0.00615553758131
2025-09-12,-0.00138705893206
2025-09-15,0.00466646239913
2025-09-16,-0.000144583926758
2025-09-17,-0.0020242011702
2025-09-18,0.000335323517158
2025-09-19,0.00141736035167
2025-09-22,0.00363020345727
2025-09-23,-0.000482423489214
2025-09-24,-0.00425466325816
2025-09-25,-0.00298678701243
2025-09-26,0.00369666634233
2025-09-29,0.0044237140549
2025-09-30,0.0029137855185
2025-10-01,0.0036242187535
2025-10-02,0.000496423462795
2025-10-03,0.00201175411502
2025-10-06,0.00215271103151
2025-10-07,-0.00162653765034
2025-10-08,0.00405123222452
2025-10-09,-0.00513867269385
2025-10-10,-0.0107302276873
2025-10-13,0.0108545264637
2025-10-14,0.00142062140835
2025-10-15,0.00544399534314
2025-10-16,0.00242855296832
2025-10-17,-0.000622362827225
2025-10-20,0.00990753744093
2025-10-21,-0.00856890155901
2025-10-22,-0.00122365245359
2025-10-23,0.00249833744657
2025-10-24,0.00323575907955
2025-10-27,0.00240257666578
2025-10-28,-0.000701427169418
2025-10-29,-0.00404309254764
2025-10-30,-0.00297894870344
2025-10-31,0.000235915639806
2025-11-03,0.000826944535067
2025-11-04,-0.00766317467771
2025-11-05,0.00239390054806
2025-11-06,-0.00306403416818
2025-11-07,0.00208074733325
2025-11-10,0.00963221493259
2025-11-11,0.0037437217463
2025-11-12,0.00223386349885
2025-11-13,-0.00959674357352
2025-11-14,-0.00245868370425
2025-11-17,-0.0066987737488
2025-11-18,-0.00291052151768
2025-11-19,0.000158554757585
2025-11-20,-0.00682297727654
2025-11-21,0.006495132521
2025-11-24,0.00787997005533
2025-11-25,0.00550694254212
2025-11-26,0.00543291187104
2025-11-28,0.00338281397652
2025-12-01,-0.00383794341395
2025-12-02,0.000469740525421
2025-12-03,0.00251782042299
2025-12-04,-0.000192090383981
2025-12-05,0.000255142437057
2025-12-08,-0.00267293264665
2025-12-09,-0.00058265386085
2025-12-10,0.00585144436773
2025-12-11,0.00253603404807
2025-12-12,-0.004933699962
2025-12-15,0.000771148366642
2025-12-16,-0.00169479963935
2025-12-17,-0.00365714144496
2025-12-18,0.0042646137003
2025-12-19,0.00345453604897
2025-12-22,0.0052422718609
2025-12-23,0.00393026488799
2025-12-24,0.00205848542108
2025-12-26,0.00199591181555
2025-12-29,-0.00570732154104
2025-12-30,-2.69430136182e-05
2025-12-31,-0.00500879246548
