year,1,2,3,4,5,6,7,8,9,10,11,12
2015,-0.0104024403792,0.0298353807056,-0.00771722373294,0.00468358107437,0.00600924183872,-0.0164754754493,0.0169558230336,-0.0379734949308,-0.0116517011531,0.0512730570584,0.000893761270441,-0.011115037967
2016,-0.0250087926763,0.00303273800718,0.0435886348487,0.00344282019986,0.0102302991198,0.00984040070538,0.0240565863638,-0.000140427635804,0.000240623102197,-0.0136738656696,0.011962936363,0.0131583924678
2017,0.0115964262709,0.0261463364599,0.000726820624555,0.00960887712859,0.0112189272338,0.0037569204718,0.013654924654,0.00551049939968,0.00977775573271,0.0145268506685,0.0177391221957,0.00914906441875
2018,0.0292148141734,-0.025824730703,-0.0137352193552,-0.000401393707998,0.0172368515528,0.00391078037899,0.0220800717428,0.0214148131626,0.00108038699524,-0.0439725642478,0.0140598294711,-0.044571565935
2019,0.0516375773532,0.0190000596341,0.0194205219985,0.0235621549071,-0.0308194125248,0.046295785499,0.00989462416148,0.000951694109977,0.00929841046733,0.014099663165,0.0215847332495,0.0172587408273
2020,0.00796399097753,-0.0410232800971,-0.0764167360779,0.0865346158433,0.0307377350384,0.0133266469225,0.0406149628455,0.0385217549908,-0.0226792559172,-0.0172263299164,0.0698355881513,0.0227543053005
2021,-0.00912941400631,0.0105390053782,0.0226162185358,0.0346549512626,0.00475795029733,0.016768476518,0.0191199704378,0.0170830909934,-0.0316366185002,0.0418416110451,-0.00371194022332,0.0265119188309
2022,-0.0393456015045,-0.0223375825881,0.0118614732065,-0.0677572319192,0.00427189290633,-0.0557384714202,0.0653159330623,-0.0367587475717,-0.0719515302162,0.0430339477136,0.0484941990477,-0.038196995529
2023,0.0512436245975,-0.0257246274973,0.0328067474112,0.0118852548093,-0.00180366178862,0.037319146584,0.0195802149744,-0.0122451156127,-0.0387951871922,-0.0193392724723,0.0731798215267,0.042151561099
2024,0.00895032486843,0.0253356848545,0.0232599471886,-0.0340586307049,0.0371219417335,0.0246908408962,0.0170239351242,0.0200653957444,0.0179671514408,-0.0154459197334,0.0401936312997,-0.0212005510427
2025,0.0181955955604,0.00123411287391,-0.0335941477864,-0.00348179560975,0.0351111109772,0.0366973869782,0.0127568409295,0.0171267440723,0.0258664089947,0.016759640036,0.00360578099746,-0.000638516272834
